protein;position
gag;60
gag;67
gag;77
gag;80
gag;84
gag;151
gag;248
gag;275
gag;315
gag;345
gag;362
pol;59
pol;130
pol;145
pol;188
pol;245
pol;282
pol;336
pol;338
pol;414
pol;436
pol;442
pol;443
pol;464
pol;582
pol;589
pol;638
pol;640
pol;650
pol;735
pol;767
pol;782
pol;786
pol;798
pol;809
pol;955
pol;956
pol;988
vif;5
vif;8
vif;23
vif;64
vif;101
vif;141
vpr;18
vpr;41
vpr;62
rev;17
rev;63
rev;102
vpu;12
vpu;17
vpu;38
env;19
env;20
env;26
env;67
env;103
env;121
env;192
env;264
env;286
env;517
env;529
env;565
env;575
env;674
env;678
env;681
env;685
env;687
env;697
env;700
env;747
env;748
env;752
env;755
env;770
env;792
env;799
env;813
env;814
env;821
nef;109