protein;position;sequence;affinity
gag;362;VLAEAMSQV;28.94
gag;77;SLYNTVATL;51.46
gag;151;TLNAWVKVV;134.10
gag;60;ILGQLQPSL;182.99
gag;345;EMMTACQGV;212.05
gag;210;AEWDRVHPV;214.01
gag;67;SLQTGSEEL;266.34
gag;275;RMYSPTSIL;292.03
gag;366;AMSQVTNSA;375.34
gag;448;FLQSRPEPT;378.82
gag;250;MTNNPPIPV;427.99
gag;84;TLYCVHQRI;437.96
gag;80;NTVATLYCV;469.28
gag;183;DLNTMLNTV;576.01
gag;266;IILGLNKIV;605.94
gag;265;WIILGLNKI;813.64
gag;242;TLQEQIGWM;815.51
gag;341;ATLEEMMTA;830.67
gag;126;NQVSQNYPI;865.82
gag;315;NWMTETLLV;888.03
gag;150;RTLNAWVKV;938.49
gag;248;GWMTNNPPI;949.36
gag;197;AMQMLKETI;1125.72
gag;433;FLGKIWPSY;1214.59
gag;29;YKLKHIVWA;1301.46
gag;296;YVDRFYKTL;1344.10
gag;333;ILKALGPAA;1344.10
gag;491;SLFGNDPSS;1384.94
gag;478;PIDKELYPL;1407.44
gag;49;GLLETSEGC;1467.00
gag;30;KLKHIVWAS;1511.58
gag;332;TILKALGPA;1615.96
gag;429;RQANFLGKI;1775.95
gag;368;SQVTNSATI;2246.10
gag;146;AISPRTLNA;2341.15
gag;138;IQGQMVHQA;2525.98
gag;127;QVSQNYPIV;2572.94
gag;45;AVNPGLLET;2657.24
gag;33;HIVWASREL;2663.36
gag;174;ALSEGATPQ;2981.47
gag;377;MMQRGNFRN;3299.36
gag;74;ELRSLYNTV;3314.59
gag;335;KALGPAATL;3446.91
gag;262;YKRWIILGL;3478.80
gag;164;FSPEVIPMF;3858.60
gag;376;IMMQRGNFR;3957.58
gag;484;YPLTSLRSL;4031.16
gag;277;YSPTSILDI;4379.56
gag;316;WMTETLLVQ;4891.36
gag;167;EVIPMFSAL;4925.27
gag;163;AFSPEVIPM;5145.53
gag;342;TLEEMMTAC;5217.11
gag;135;VQNIQGQMV;5375.64
gag;171;MFSALSEGA;5538.98
gag;370;VTNSATIMM;6462.94
gag;314;KNWMTETLL;6537.78
gag;27;KKYKLKHIV;6861.67
gag;272;KIVRMYSPT;7301.80
gag;260;EIYKRWIIL;7489.11
gag;235;DIAGTTSTL;7593.29
gag;481;KELYPLTSL;7698.92
gag;249;WMTNNPPIP;7860.13
gag;346;MMTACQGVG;7896.42
gag;144;HQAISPRTL;8678.21
gag;168;VIPMFSALS;9256.14
gag;170;PMFSALSEG;9341.79
gag;432;NFLGKIWPS;9849.86
gag;274;VRMYSPTSI;10603.03
gag;320;TLLVQNANP;10676.53
gag;200;MLKETINEE;10825.05
gag;59;QILGQLQPS;10825.05
gag;449;LQSRPEPTA;10975.64
gag;475;KQEPIDKEL;11814.90
gag;141;QMVHQAISP;12314.87
gag;196;AAMQMLKET;12428.82
gag;86;YCVHQRIEI;12630.78
gag;421;HQMKDCTER;13379.20
gag;190;TVGGHQAAM;13534.12
gag;305;RAEQASQEV;13565.32
gag;482;ELYPLTSLR;13565.32
gag;63;QLQPSLQTG;13627.93
gag;321;LLVQNANPD;14569.01
gag;239;TTSTLQEQI;14839.87
gag;179;ATPQDLNTM;15361.37
gag;83;ATLYCVHQR;15791.74
gag;140;GQMVHQAIS;16271.59
gag;388;KIVKCFNCG;16422.15
gag;100;ALDKIEEEQ;16460.01
gag;204;TINEEAAEW;17841.44
gag;157;KVVEEKAFS;18553.68
gag;43;RFAVNPGLL;18768.52
gag;313;VKNWMTETL;19073.48
gag;7;VLSGGELDR;19205.69
gag;243;LQEQIGWMT;19294.34
gag;268;LGLNKIVRM;19294.34
gag;358;HKARVLAEA;19383.40
gag;281;SILDIRQGP;19517.76
gag;134;IVQNIQGQM;19562.75
gag;148;SPRTLNAWV;19972.39
gag;269;GLNKIVRMY;20913.66
gag;180;TPQDLNTML;21450.13
gag;62;GQLQPSLQT;22203.94
gag;186;TMLNTVGGH;22203.94
gag;142;MVHQAISPR;22721.13
gag;273;IVRMYSPTS;22826.01
gag;336;ALGPAATLE;23250.38
gag;310;SQEVKNWMT;23956.87
gag;282;ILDIRQGPK;23956.87
gag;130;QNYPIVQNI;25085.92
gag;436;KIWPSYKGR;25318.04
gag;158;VVEEKAFSP;25552.30
gag;76;RSLYNTVAT;25848.18
gag;120;ADTGHSNQV;25848.18
gag;199;QMLKETINE;25907.77
gag;11;GELDRWEKI;27506.16
gag;64;LQPSLQTGS;28146.86
gag;70;TGSEELRSL;30933.57
gag;198;MQMLKETIN;31946.99
gag;352;GVGGPGHKA;32242.60
gag;189;NTVGGHQAA;32917.74
gag;259;GEIYKRWII;33145.91
gag;267;ILGLNKIVR;33452.61
gag;187;MLNTVGGHQ;33684.49
gag;309;ASQEVKNWM;34231.82
gag;326;ANPDCKTIL;37448.12
gag;369;QVTNSATIM;40218.88
gag;241;STLQEQIGW;40591.02
gag;354;GGPGHKARV;40684.60
gag;338;GPAATLEEM;41061.05
gag;58;RQILGQLQP;42114.34
gag;426;CTERQANFL;43494.07
gag;185;NTMLNTVGG;44099.13
gag;234;SDIAGTTST;44815.68
gag;52;ETSEGCRQI;45334.62
gag;194;HQAAMQMLK;45543.88
gag;325;NANPDCKTI;45965.29
gag;75;LRSLYNTVA;46177.46
gag;92;IEIKDTKEA;47580.61
gag;361;RVLAEAMSQ;48576.92
gag;347;MTACQGVGG;49480.04
gag;441;YKGRPGNFL;52291.37
gag;322;LVQNANPDC;53756.38
gag;42;ERFAVNPGL;57072.91
gag;226;GQMREPRGS;59351.27
gag;331;KTILKALGP;60594.05
gag;172;FSALSEGAT;60594.05
gag;286;RQGPKEPFR;60873.74
gag;37;ASRELERFA;60873.74
gag;486;LTSLRSLFG;64036.86
gag;5;ASVLSGGEL;65227.39
gag;422;QMKDCTERQ;65679.52
gag;463;FRSGVETTT;65830.93
gag;79;YNTVATLYC;66746.73
gag;155;WVKVVEEKA;66900.60
gag;490;RSLFGNDPS;67209.40
gag;160;EEKAFSPEV;79328.64
gag;247;IGWMTNNPP;80062.66
gag;334;LKALGPAAT;80247.22
gag;488;SLRSLFGND;80432.21
gag;214;RVHPVHAGP;83067.28
gag;193;GHQAAMQML;84029.16
gag;312;EVKNWMTET;85002.17
gag;301;YKTLRAEQA;85198.12
gag;423;MKDCTERQA;86184.67
gag;367;MSQVTNSAT;86982.12
gag;6;SVLSGGELD;89625.17
gag;375;TIMMQRGNF;91712.81
gag;34;IVWASRELE;92561.42
gag;245;EQIGWMTNN;93417.88
gag;487;TSLRSLFGN;93849.08
gag;118;AAADTGHSN;97595.55
gag;201;LKETINEEA;97820.53
gag;246;QIGWMTNNP;99639.15
gag;115;AQQAAADTG;102430.67
gag;93;EIKDTKEAL;105300.39
gag;103;KIEEEQNKS;106030.30
gag;359;KARVLAEAM;107505.33
gag;276;MYSPTSILD;109252.15
gag;485;PLTSLRSLF;111027.36
gag;302;KTLRAEQAS;113875.42
gag;387;RKIVKCFNC;114137.93
gag;317;MTETLLVQN;114137.93
gag;129;SQNYPIVQN;116527.92
gag;38;SRELERFAV;120068.75
gag;465;SGVETTTPP;121179.74
gag;295;DYVDRFYKT;124002.37
gag;303;TLRAEQASQ;124288.23
gag;232;RGSDIAGTT;126890.76
gag;96;DTKEALDKI;127770.33
gag;479;IDKELYPLT;130746.48
gag;114;KAQQAAADT;136593.49
gag;132;YPIVQNIQG;136593.49
gag;389;IVKCFNCGK;138175.17
gag;1;MGARASVLS;139132.95
gag;50;LLETSEGCR;140420.33
gag;153;NAWVKVVEE;141393.68
gag;462;SFRSGVETT;143030.94
gag;176;SEGATPQDL;150117.04
gag;365;EAMSQVTNS;150463.10
gag;261;IYKRWIILG;152907.93
gag;162;KAFSPEVIP;153613.72
gag;207;EEAAEWDRV;153967.83
gag;178;GATPQDLNT;155392.48
gag;137;NIQGQMVHQ;156109.74
gag;340;AATLEEMMT;156109.74
gag;68;LQTGSEELR;156109.74
gag;215;VHPVHAGPI;158281.44
gag;81;TVATLYCVH;158646.32
gag;182;QDLNTMLNT;163466.97
gag;318;TETLLVQNA;163843.80
gag;143;VHQAISPRT;165359.82
gag;471;TPPQKQEPI;165741.02
gag;323;VQNANPDCK;167274.60
gag;457;APPEESFRS;167660.21
gag;363;LAEAMSQVT;168822.37
gag;139;QGQMVHQAI;172357.43
gag;466;GVETTTPPQ;173552.15
gag;173;SALSEGATP;174353.23
gag;188;LNTVGGHQA;190734.83
gag;82;VATLYCVHQ;191615.22
gag;112;KKKAQQAAA;191615.22
gag;36;WASRELERF;194728.72
gag;154;AWVKVVEEK;196530.52
gag;212;WDRVHPVHA;203437.03
gag;372;NSATIMMQR;203906.00
gag;13;LDRWEKIRL;208175.68
gag;128;VSQNYPIVQ;210586.24
gag;35;VWASRELER;215491.43
gag;381;GNFRNQRKI;224093.88
gag;166;PEVIPMFSA;224093.88
gag;258;VGEIYKRWI;227211.34
gag;216;HPVHAGPIA;229842.32
gag;202;KETINEEAA;234115.41
gag;56;GCRQILGQL;235738.22
gag;53;TSEGCRQIL;245148.93
gag;40;ELERFAVNP;245148.93
gag;256;IPVGEIYKR;250282.22
gag;374;ATIMMQRGN;251437.47
gag;192;GGHQAAMQM;253763.99
gag;223;IAPGQMREP;257294.20
gag;78;LYNTVATLY;261474.90
gag;229;REPRGSDIA;262077.66
gag;117;QAAADTGHS;263894.29
gag;39;RELERFAVN;268800.46
gag;238;GTTSTLQEQ;273168.11
gag;435;GKIWPSYKG;273168.11
gag;399;GHTARNCRA;274429.00
gag;147;ISPRTLNAW;275061.62
gag;73;EELRSLYNT;284727.88
gag;116;QQAAADTGH;286701.52
gag;44;FAVNPGLLE;287362.44
gag;218;VHAGPIAPG;288024.88
gag;393;FNCGKEGHT;288688.84
gag;271;NKIVRMYSP;295413.27
gag;294;RDYVDRFYK;296094.27
gag;339;PAATLEEMM;298146.70
gag;2;GARASVLSG;300905.41
gag;12;ELDRWEKIR;317270.72
gag;263;KRWIILGLN;317270.72
gag;110;KSKKKAQQA;321684.40
gag;8;LSGGELDRW;322425.96
gag;289;PKEPFRDYV;323169.23
gag;217;PVHAGPIAP;337621.43
gag;253;NPPIPVGEI;341530.90
gag;26;KKKYKLKHI;344691.04
gag;3;ARASVLSGG;348682.38
gag;415;KCGKEGHQM;357626.75
gag;298;DRFYKTLRA;362601.84
gag;236;IAGTTSTLQ;378817.47
gag;431;ANFLGKIWP;383203.97
gag;355;GPGHKARVL;384972.76
gag;169;IPMFSALSE;393939.93
gag;161;EKAFSPEVI;397585.01
gag;219;HAGPIAPGQ;399420.18
gag;46;VNPGLLETS;399420.18
gag;483;LYPLTSLRS;408723.87
gag;181;PQDLNTMLN;417282.34
gag;447;NFLQSRPEP;434940.65
gag;373;SATIMMQRG;443026.80
gag;394;NCGKEGHTA;443026.80
gag;255;PIPVGEIYK;471443.88
gag;293;FRDYVDRFY;502840.21
gag;385;NQRKIVKCF;513369.43
gag;264;RWIILGLNK;518119.57
gag;20;RLRPGGKKK;528968.73
gag;99;EALDKIEEE;541290.00
gag;461;ESFRSGVET;547557.84
gag;220;AGPIAPGQM;548820.09
gag;280;TSILDIRQG;559023.42
gag;378;MQRGNFRNQ;559023.42
gag;391;KCFNCGKEG;569416.44
gag;400;HTARNCRAP;569416.44
gag;348;TACQGVGGP;570729.08
gag;165;SPEVIPMFS;572044.74
gag;350;CQGVGGPGH;585369.38
gag;233;GSDIAGTTS;585369.38
gag;222;PIAPGQMRE;592147.64
gag;69;QTGSEELRS;599004.38
gag;442;KGRPGNFLQ;599004.38
gag;87;CVHQRIEIK;605940.53
gag;328;PDCKTILKA;620054.69
gag;111;SKKKAQQAA;656795.25
gag;299;RFYKTLRAE;656795.25
gag;444;RPGNFLQSR;656795.25
gag;451;SRPEPTAPP;658309.31
gag;492;LFGNDPSSQ;669005.98
gag;54;SEGCRQILG;675196.22
gag;382;NFRNQRKIV;695712.81
gag;456;TAPPEESFR;700535.26
gag;437;IWPSYKGRP;720161.67
gag;459;PEESFRSGV;725153.59
gag;412;GCWKCGKEG;743755.17
gag;119;AADTGHSNQ;806176.25
gag;470;TTPPQKQEP;811764.40
gag;464;RSGVETTTP;826856.22
gag;31;LKHIVWASR;828762.32
gag;327;NPDCKTILK;834507.03
gag;292;PFRDYVDRF;840291.56
gag;410;KKGCWKCGK;855913.74
gag;23;PGGKKKYKL;867820.69
gag;209;AAEWDRVHP;885992.41
gag;364;AEAMSQVTN;890081.96
gag;195;QAAMQMLKE;896251.72
gag;227;QMREPRGSD;900388.63
gag;107;EQNKSKKKA;900388.63
gag;337;LGPAATLEE;921361.37
gag;89;HQRIEIKDT;936332.29
gag;257;PVGEIYKRW;949357.97
gag;228;MREPRGSDI;973710.83
gag;184;LNTMLNTVG;998688.39
gag;18;KIRLRPGGK;1017255.39
gag;477;EPIDKELYP;1029034.65
gag;300;FYKTLRAEQ;1048165.84
gag;41;LERFAVNPG;1067652.69
gag;133;PIVQNIQGQ;1085000.65
gag;278;SPTSILDIR;1087501.84
gag;434;LGKIWPSYK;1092521.52
gag;384;RNQRKIVKC;1102630.50
gag;319;ETLLVQNAN;1105172.32
gag;175;LSEGATPQD;1112833.01
gag;371;TNSATIMMQ;1149290.98
gag;251;TNNPPIPVG;1151940.37
gag;401;TARNCRAPR;1162599.15
gag;113;KKAQQAAAD;1167965.46
gag;94;IKDTKEALD;1228655.13
gag;307;EQASQEVKN;1316527.70
gag;443;GRPGNFLQS;1319562.61
gag;145;QAISPRTLN;1337919.55
gag;125;SNQVSQNYP;1353411.93
gag;308;QASQEVKNW;1378573.74
gag;427;TERQANFLG;1433606.63
gag;32;KHIVWASRE;1508099.51
gag;455;PTAPPEESF;1546785.17
gag;329;DCKTILKAL;1575542.05
gag;4;RASVLSGGE;1582814.43
gag;98;KEALDKIEE;1615957.74
gag;349;ACQGVGGPG;1619682.91
gag;290;KEPFRDYVD;1642214.94
gag;324;QNANPDCKT;1731529.92
gag;467;VETTTPPQK;1780040.98
gag;231;PRGSDIAGT;1829911.14
gag;14;DRWEKIRLR;1842595.47
gag;124;HSNQVSQNY;1859644.80
gag;344;EEMMTACQG;1916152.19
gag;28;KYKLKHIVW;1965305.19
gag;152;LNAWVKVVE;1997238.83
gag;270;LNKIVRMYS;2011083.02
gag;356;PGHKARVLA;2053194.06
gag;71;GSEELRSLY;2072192.03
gag;91;RIEIKDTKE;2184892.13
gag;208;EAAEWDRVH;2225512.31
gag;360;ARVLAEAMS;2319690.27
gag;121;DTGHSNQVS;2462804.85
gag;397;KEGHTARNC;2468482.20
gag;15;RWEKIRLRP;2491322.79
gag;430;QANFLGKIW;2567024.42
gag;287;QGPKEPFRD;2632873.54
gag;383;FRNQRKIVK;2638942.94
gag;61;LGQLQPSLQ;2744289.98
gag;438;WPSYKGRPG;2776067.36
gag;244;QEQIGWMTN;2782466.86
gag;297;VDRFYKTLR;2847278.84
gag;205;INEEAAEWD;2867015.23
gag;450;QSRPEPTAP;2974609.77
gag;72;SEELRSLYN;2988339.94
gag;330;CKTILKALG;3064996.62
gag;304;LRAEQASQE;3093356.69
gag;406;RAPRKKGCW;3114798.81
gag;392;CFNCGKEGH;3136389.56
gag;237;AGTTSTLQE;3261594.75
gag;9;SGGELDRWE;3276649.59
gag;203;ETINEEAAE;3284203.05
gag;285;IRQGPKEPF;3314591.41
gag;136;QNIQGQMVH;3329890.86
gag;343;LEEMMTACQ;3438982.77
gag;402;ARNCRAPRK;3446910.44
gag;279;PTSILDIRQ;3486823.79
gag;191;VGGHQAAMQ;3510993.29
gag;123;GHSNQVSQN;3609358.33
gag;446;GNFLQSRPE;3634377.21
gag;452;RPEPTAPPE;3693431.08
gag;284;DIRQGPKEP;3779462.15
gag;10;GGELDRWEK;3858602.13
gag;306;AEQASQEVK;3867497.13
gag;90;QRIEIKDTK;3876412.63
gag;252;NNPPIPVGE;3876412.63
gag;396;GKEGHTARN;4106104.52
gag;122;TGHSNQVSQ;4144097.84
gag;440;SYKGRPGNF;4192084.23
gag;48;PGLLETSEG;4289730.41
gag;439;PSYKGRPGN;4543912.92
gag;418;KEGHQMKDC;4554387.72
gag;395;CGKEGHTAR;4564886.67
gag;16;WEKIRLRPG;4660473.04
gag;159;VEEKAFSPE;4736199.64
gag;221;GPIAPGQMR;4769029.40
gag;425;DCTERQANF;4802086.74
gag;224;APGQMREPR;5145528.64
gag;351;QGVGGPGHK;5229136.76
gag;156;VKVVEEKAF;5338632.18
gag;480;DKELYPLTS;5338632.18
gag;380;RGNFRNQRK;5400450.63
gag;311;QEVKNWMTE;5425377.98
gag;411;KGCWKCGKE;5462984.90
gag;240;TSTLQEQIG;5641959.96
gag;131;NYPIVQNIQ;5654966.02
gag;283;LDIRQGPKE;5773378.09
gag;353;VGGPGHKAR;6003852.30
gag;88;VHQRIEIKD;6462938.15
gag;489;LRSLFGNDP;6659321.77
gag;85;LYCVHQRIE;6877490.51
gag;206;NEEAAEWDR;6957128.10
gag;417;GKEGHQMKD;7053911.39
gag;211;EWDRVHPVH;7318633.51
gag;95;KDTKEALDK;7628339.27
gag;104;IEEEQNKSK;7734460.04
gag;17;EKIRLRPGG;7806026.12
gag;51;LETSEGCRQ;7896415.64
gag;474;QKQEPIDKE;8173912.79
gag;409;RKKGCWKCG;8698212.23
gag;424;KDCTERQAN;9559386.04
gag;414;WKCGKEGHQ;9827204.64
gag;213;DRVHPVHAG;10578643.95
gag;469;TTTPPQKQE;11335221.21
gag;390;VKCFNCGKE;12006875.29
gag;405;CRAPRKKGC;12514975.39
gag;416;CGKEGHQMK;12836008.62
gag;445;PGNFLQSRP;13074647.84
gag;454;EPTAPPEES;13074647.84
gag;291;EPFRDYVDR;13287093.77
gag;22;RPGGKKKYK;13659348.95
gag;407;APRKKGCWK;13913295.21
gag;413;CWKCGKEGH;13977516.06
gag;66;PSLQTGSEE;14171962.68
gag;102;DKIEEEQNK;14204632.43
gag;47;NPGLLETSE;14204632.43
gag;419;EGHQMKDCT;14402238.55
gag;476;QEPIDKELY;14435439.14
gag;55;EGCRQILGQ;14771683.71
gag;420;GHQMKDCTE;15046309.81
gag;428;ERQANFLGK;15255624.83
gag;473;PQKQEPIDK;15326041.60
gag;453;PEPTAPPEE;15828144.27
gag;408;PRKKGCWKC;15937859.72
gag;357;GHKARVLAE;16048335.69
gag;403;RNCRAPRKK;18257024.57
gag;254;PPIPVGEIY;18341295.17
gag;468;ETTTPPQKQ;18468430.95
gag;225;PGQMREPRG;19249967.47
gag;109;NKSKKKAQQ;19294343.23
gag;177;EGATPQDLN;20157190.49
gag;25;GKKKYKLKH;20343702.68
gag;57;CRQILGQLQ;21155826.66
gag;65;QPSLQTGSE;21450133.53
gag;379;QRGNFRNQR;22000370.77
gag;458;PPEESFRSG;22984232.17
gag;149;PRTLNAWVK;27506162.22
gag;230;EPRGSDIAG;28868884.30
gag;19;IRLRPGGKK;34708032.86
gag;21;LRPGGKKKY;34788043.14
gag;386;QRKIVKCFN;34788043.14
gag;288;GPKEPFRDY;37019453.23
gag;101;LDKIEEEQN;46071250.46
gag;24;GGKKKYKLK;46819848.06
gag;472;PPQKQEPID;62148406.83
gag;398;EGHTARNCR;69092355.67
gag;97;TKEALDKIE;87989327.82
gag;460;EESFRSGVE;116527921.49
gag;106;EEQNKSKKK;137540310.36
gag;404;NCRAPRKKG;230372163.01
gag;108;QNKSKKKAQ;339961706.03
gag;105;EEEQNKSKK;414409783.69
pol;336;YQYMDDLYV;29.47
pol;640;ALQDSGLEV;56.81
pol;582;YQLEKEPIV;56.94
pol;956;LLWKGEGAV;65.53
pol;589;IVGAETFYV;82.88
pol;188;ALVEICTEM;112.31
pol;464;ILKEPVHGV;116.53
pol;638;YLALQDSGL;130.75
pol;443;ALTEVIPLT;145.36
pol;782;HLEGKVILV;154.68
pol;414;KLVGKLNWA;165.74
pol;338;YMDDLYVGS;170.38
pol;282;YTAFTIPSI;190.30
pol;988;KQMAGDDCV;197.89
pol;786;KVILVAVHV;240.67
pol;245;VQLGIPHPA;255.52
pol;130;TVLVGPTPV;312.20
pol;436;KLLRGTKAL;349.49
pol;650;IVTDSQYAL;356.80
pol;798;YIEAEVIPA;361.77
pol;767;GQVDCSPGI;363.44
pol;955;KLLWKGEGA;367.65
pol;152;TLNFPISPI;400.34
pol;442;KALTEVIPL;473.62
pol;145;LLTQIGCTL;521.71
pol;1;FFREDLAFL;521.71
pol;738;ASDFNLPPV;542.54
pol;687;YLAWVPAHK;564.20
pol;334;VIYQYMDDL;622.92
pol;735;RAMASDFNL;637.43
pol;948;PLWKGPAKL;655.28
pol;388;ELHPDKWTV;656.80
pol;685;KVYLAWVPA;661.35
pol;522;QLTEAVQKI;667.47
pol;59;VTLWQRPLV;673.64
pol;488;GQGQWTYQI;673.64
pol;382;FLWMGYELH;683.01
pol;966;IQDNSDIKV;694.11
pol;787;VILVAVHVA;695.71
pol;51;TVSFNFPQV;784.21
pol;706;LVSAGIRKV;806.18
pol;576;PLVKLWYQL;921.36
pol;817;LKLAGRWPV;955.94
pol;265;DVGDAYFSV;1005.61
pol;989;QMAGDDCVA;1007.93
pol;842;RAACWWAGI;1012.58
pol;561;WQATWIPEW;1048.17
pol;60;TLWQRPLVT;1082.51
pol;101;KMIGGIGGF;1095.04
pol;315;FQSSMTKIL;1206.23
pol;815;FLLKLAGRW;1228.66
pol;299;YQYNVLPQG;1257.27
pol;363;HLLRWGLTT;1260.17
pol;633;ELQAIYLAL;1268.91
pol;289;SINNETPGI;1283.60
pol;793;HVASGYIEA;1347.19
pol;408;TVNDIQKLV;1359.66
pol;155;FPISPIETV;1433.61
pol;423;SQIYPGIKV;1539.68
pol;239;TQDFWEVQL;1564.70
pol;263;VLDVGDAYF;1582.81
pol;892;QMAVFIHNF;1601.14
pol;672;LVNQIIEQL;1638.44
pol;318;SMTKILEPF;1699.93
pol;400;VLPEKDSWT;1703.84
pol;102;MIGGIGGFI;1739.52
pol;529;KITTESIVI;1911.75
pol;606;KLGKAGYVT;1960.79
pol;809;GQETAYFLL;1974.38
pol;868;SMNKELKKI;2057.93
pol;715;LFLDGIDKA;2096.19
pol;736;AMASDFNLP;2105.86
pol;739;SDFNLPPVV;2110.72
pol;8;FLQGKAREF;2135.16
pol;564;TWIPEWEFV;2351.96
pol;104;GGIGGFIKV;2457.14
pol;149;IGCTLNFPI;2578.87
pol;361;RQHLLRWGL;2681.82
pol;788;ILVAVHVAS;2725.40
pol;836;FTGATVRAA;2756.96
pol;144;NLLTQIGCT;2782.47
pol;132;LVGPTPVNI;2840.73
pol;649;NIVTDSQYA;2886.89
pol;118;ILIEICGHK;2906.90
pol;237;KRTQDFWEV;2940.56
pol;555;TWWTEYWQA;3009.05
pol;840;TVRAACWWA;3015.99
pol;157;ISPIETVPV;3057.95
pol;536;VIWGKTPKF;3079.14
pol;490;GQWTYQIYQ;3100.49
pol;88;VLEEMSLPG;3172.71
pol;891;VQMAVFIHN;3254.09
pol;569;WEFVNTPPL;3299.36
pol;540;KTPKFKLPI;3431.07
pol;915;IVDIIATDI;3462.82
pol;407;WTVNDIQKL;3470.80
pol;421;WASQIYPGI;3502.92
pol;932;ITKIQNFRV;3592.77
pol;79;LLDTGADDT;3676.46
pol;795;ASGYIEAEV;3975.85
pol;927;ELQKQITKI;4012.64
pol;70;KIGGQLKEA;4040.45
pol;114;QYDQILIEI;4221.14
pol;886;HLKTAVQMA;4319.47
pol;384;WMGYELHPD;4349.41
pol;808;TGQETAYFL;4471.26
pol;450;LTEEAELEL;4703.60
pol;964;VVIQDNSDI;4714.44
pol;631;KTELQAIYL;4725.31
pol;695;KGIGGNEQV;4913.94
pol;457;ELAENREIL;4982.30
pol;241;DFWEVQLGI;4993.79
pol;776;WQLDCTHLE;5005.30
pol;579;KLWYQLEKE;5028.40
pol;683;KEKVYLAWV;5098.35
pol;887;LKTAVQMAV;5121.89
pol;247;LGIPHPAGL;5241.19
pol;364;LLRWGLTTP;5241.19
pol;565;WIPEWEFVN;5314.10
pol;433;QLCKLLRGT;5314.10
pol;58;QVTLWQRPL;5526.24
pol;701;EQVDKLVSA;5538.98
pol;356;KIEELRQHL;5551.75
pol;737;MASDFNLPP;5577.38
pol;267;GDAYFSVPL;5654.97
pol;228;KLVDFRELN;5681.07
pol;818;KLAGRWPVK;5786.69
pol;632;TELQAIYLA;5786.69
pol;872;ELKKIIGQV;5826.80
pol;709;AGIRKVLFL;5935.13
pol;935;IQNFRVYYR;6073.37
pol;125;HKAIGTVLV;6243.53
pol;791;AVHVASGYI;6286.81
pol;439;RGTKALTEV;6359.60
pol;177;KQWPLTEEK;6418.45
pol;473;YYDPSKDLI;6720.94
pol;494;YQIYQEPFK;6909.24
pol;139;NIIGRNLLT;7201.62
pol;889;TAVQMAVFI;7251.54
pol;811;ETAYFLLKL;7386.35
pol;910;SAGERIVDI;7489.11
pol;446;EVIPLTEEA;7663.55
pol;914;RIVDIIATD;7698.92
pol;306;QGWKGSPAI;7842.06
pol;764;AMHGQVDCS;8061.76
pol;716;FLDGIDKAQ;8136.36
pol;74;QLKEALLDT;8678.21
pol;620;KVVTLTDTT;8718.26
pol;775;IWQLDCTHL;8738.36
pol;777;QLDCTHLEG;8798.93
pol;437;LLRGTKALT;8900.82
pol;812;TAYFLLKLA;8921.34
pol;563;ATWIPEWEF;9045.45
pol;680;LIKKEKVYL;9045.45
pol;337;QYMDDLYVG;9150.19
pol;854;FGIPYNPQS;9171.28
pol;634;LQAIYLALQ;9234.85
pol;401;LPEKDSWTV;9277.48
pol;381;PFLWMGYEL;9406.54
pol;147;TQIGCTLNF;9471.75
pol;415;LVGKLNWAS;9714.71
pol;848;AGIKQEFGI;9714.71
pol;5;DLAFLQGKA;9941.00
pol;314;IFQSSMTKI;10219.51
pol;48;RQGTVSFNF;10290.35
pol;342;LYVGSDLEI;10314.07
pol;605;TKLGKAGYV;10627.47
pol;668;SESELVNQI;10651.97
pol;920;ATDIQTKEL;10651.97
pol;111;KVRQYDQIL;10725.81
pol;941;YYRDSRNPL;10800.16
pol;44;AGADRQGTV;11000.95
pol;286;TIPSINNET;11335.22
pol;894;AVFIHNFKR;11599.25
pol;181;LTEEKIKAL;11625.99
pol;67;VTIKIGGQL;11706.58
pol;119;LIEICGHKA;11869.43
pol;131;VLVGPTPVN;11869.43
pol;78;ALLDTGADD;11869.43
pol;180;PLTEEKIKA;11951.71
pol;418;KLNWASQIY;11951.71
pol;393;KWTVQPIVL;12173.91
pol;657;ALGIIQAQP;12286.55
pol;752;VASCDKCQL;12400.24
pol;417;GKLNWASQI;12457.47
pol;432;RQLCKLLRG;12457.47
pol;258;KKSVTVLDV;12543.83
pol;392;DKWTVQPIV;12689.08
pol;570;EFVNTPPLV;13044.58
pol;930;KQITKIQNF;13165.28
pol;833;GSNFTGATV;13348.42
pol;558;TEYWQATWI;13722.40
pol;681;IKKEKVYLA;13754.03
pol;705;KLVSAGIRK;13754.03
pol;295;PGIRYQYNV;14042.03
pol;655;QYALGIIQA;14270.20
pol;865;VVESMNKEL;14303.09
pol;789;LVAVHVASG;14303.09
pol;127;AIGTVLVGP;14402.24
pol;430;KVRQLCKLL;14535.50
pol;383;LWMGYELHP;14569.01
pol;343;YVGSDLEIG;15011.70
pol;54;FNFPQVTLW;15150.61
pol;746;VVAKEIVAS;15185.53
pol;556;WWTEYWQAT;15255.62
pol;644;SGLEVNIVT;15432.28
pol;882;DQAEHLKTA;15503.51
pol;448;IPLTEEAEL;15901.20
pol;656;YALGIIQAQ;15974.60
pol;714;VLFLDGIDK;16196.83
pol;87;TVLEEMSLP;16688.99
pol;990;MAGDDCVAS;16688.99
pol;61;LWQRPLVTI;16804.67
pol;166;KLKPGMDGP;16999.26
pol;207;PENPYNTPV;17077.72
pol;879;QVRDQAEHL;17395.22
pol;958;WKGEGAVVI;17759.47
pol;730;YHSNWRAMA;17882.57
pol;829;HTDNGSNFT;18468.43
pol;527;VQKITTESI;18553.68
pol;675;QIIEQLIKK;18682.29
pol;151;CTLNFPISP;18725.35
pol;876;IIGQVRDQA;18855.15
pol;317;SSMTKILEP;19029.61
pol;296;GIRYQYNVL;19073.48
pol;50;GTVSFNFPQ;19205.69
pol;526;AVQKITTES;19294.34
pol;204;KIGPENPYN;19338.82
pol;712;RKVLFLDGI;19517.76
pol;227;RKLVDFREL;19653.05
pol;613;VTNRGRQKV;19789.28
pol;530;ITTESIVIW;20110.83
pol;814;YFLLKLAGR;20674.26
pol;113;RQYDQILIE;20769.69
pol;313;AIFQSSMTK;20817.57
pol;623;TLTDTTNQK;21253.48
pol;599;GAANRETKL;21351.58
pol;982;IIRDYGKQM;21648.61
pol;53;SFNFPQVTL;21698.51
pol;851;KQEFGIPYN;21698.51
pol;279;FRKYTAFTI;21848.92
pol;209;NPYNTPVFA;22101.92
pol;918;IIATDIQTK;22721.13
pol;592;AETFYVDGA;23090.32
pol;550;KETWETWWT;23250.38
pol;52;VSFNFPQVT;23411.54
pol;216;FAIKKKDST;23573.82
pol;281;KYTAFTIPS;23573.82
pol;375;KHQKEPPFL;23682.63
pol;396;VQPIVLPEK;23846.79
pol;770;DCSPGIWQL;24012.09
pol;420;NWASQIYPG;24741.73
pol;168;KPGMDGPKV;24798.76
pol;858;YNPQSQGVV;25085.92
pol;544;FKLPIQKET;25493.53
pol;303;VLPQGWKGS;25552.30
pol;84;ADDTVLEEM;25552.30
pol;783;LEGKVILVA;25611.20
pol;535;IVIWGKTPK;25907.77
pol;652;TDSQYALGI;26087.35
pol;285;FTIPSINNE;26207.77
pol;908;GYSAGERIV;26207.77
pol;328;KQNPDIVIY;26450.26
pol;934;KIQNFRVYY;27191.30
pol;456;LELAENREI;27253.98
pol;742;NLPPVVAKE;27506.16
pol;636;AIYLALQDS;28538.42
pol;512;MRGAHTNDV;28604.21
pol;698;GGNEQVDKL;28935.43
pol;547;PIQKETWET;29203.17
pol;440;GTKALTEVI;29541.33
pol;486;KQGQGQWTY;30090.54
pol;201;KISKIGPEN;30090.54
pol;545;KLPIQKETW;30509.14
pol;629;NQKTELQAI;30579.47
pol;710;GIRKVLFLD;31004.88
pol;686;VYLAWVPAH;31147.99
pol;126;KAIGTVLVG;31363.90
pol;261;VTVLDVGDA;31581.30
pol;595;FYVDGAANR;32020.64
pol;411;DIQKLVGKL;32094.45
pol;903;KGGIGGYSA;32094.45
pol;974;VVPRRKAKI;33145.91
pol;205;IGPENPYNT;33298.91
pol;671;ELVNQIIEQ;33529.73
pol;480;LIAEIQKQG;33839.97
pol;678;EQLIKKEKV;33996.17
pol;429;IKVRQLCKL;34310.73
pol;148;QIGCTLNFP;35029.18
pol;888;KTAVQMAVF;35029.18
pol;404;KDSWTVNDI;35516.49
pol;819;LAGRWPVKT;36176.79
pol;641;LQDSGLEVN;36260.18
pol;80;LDTGADDTV;36595.70
pol;774;GIWQLDCTH;37104.79
pol;419;LNWASQIYP;37190.33
pol;883;QAEHLKTAV;37448.12
pol;76;KEALLDTGA;37534.45
pol;496;IYQEPFKNL;38408.73
pol;474;YDPSKDLIA;38586.02
pol;472;VYYDPSKDL;38586.02
pol;492;WTYQIYQEP;38853.49
pol;890;AVQMAVFIH;39032.83
pol;519;DVKQLTEAV;40034.09
pol;426;YPGIKVRQL;40497.67
pol;112;VRQYDQILI;40497.67
pol;957;LWKGEGAVV;40591.02
pol;528;QKITTESIV;40872.39
pol;309;KGSPAIFQS;41061.05
pol;378;KEPPFLWMG;41345.67
pol;159;PIETVPVKL;41536.51
pol;123;CGHKAIGTV;41728.23
pol;781;THLEGKVIL;42114.34
pol;645;GLEVNIVTD;42504.02
pol;835;NFTGATVRA;42798.64
pol;495;QIYQEPFKN;43194.65
pol;571;FVNTPPLVK;44507.17
pol;516;HTNDVKQLT;44609.77
pol;624;LTDTTNQKT;44815.68
pol;141;IGRNLLTQI;44815.68
pol;917;DIIATDIQT;45334.62
pol;302;NVLPQGWKG;45648.87
pol;376;HQKEPPFLW;45648.87
pol;93;SLPGRWKPK;47035.96
pol;194;TEMEKEGKI;47144.39
pol;861;QSQGVVESM;47580.61
pol;92;MSLPGRWKP;48913.64
pol;395;TVQPIVLPE;49480.04
pol;991;AGDDCVASR;49480.04
pol;747;VAKEIVASC;50632.57
pol;660;IIQAQPDQS;51218.87
pol;185;KIKALVEIC;51336.94
pol;210;PYNTPVFAI;51455.29
pol;98;WKPKMIGGI;51692.79
pol;184;EKIKALVEI;51811.96
pol;399;IVLPEKDSW;52411.91
pol;745;PVVAKEIVA;54004.51
pol;651;VTDSQYALG;54378.85
pol;476;PSKDLIAEI;54378.85
pol;553;WETWWTEYW;54504.20
pol;702;QVDKLVSAG;54629.85
pol;654;SQYALGIIQ;55773.77
pol;572;VNTPPLVKL;55902.34
pol;255;LKKKKSVTV;55902.34
pol;262;TVLDVGDAY;55902.34
pol;905;GIGGYSAGE;56810.68
pol;796;SGYIEAEVI;56810.68
pol;560;YWQATWIPE;58000.27
pol;120;IEICGHKAI;58402.31
pol;521;KQLTEAVQK;58671.88
pol;967;QDNSDIKVV;59078.57
pol;596;YVDGAANRE;59762.67
pol;507;GKYARMRGA;59900.44
pol;264;LDVGDAYFS;60594.05
pol;138;VNIIGRNLL;60873.74
pol;253;AGLKKKKSV;62005.47
pol;503;NLKTGKYAR;62579.20
pol;347;DLEIGQHRT;62868.05
pol;689;AWVPAHKGI;63742.63
pol;557;WTEYWQATW;63889.58
pol;518;NDVKQLTEA;64036.86
pol;707;VSAGIRKVL;64629.38
pol;173;GPKVKQWPL;64778.37
pol;36;RDNNSPSEA;65377.75
pol;593;ETFYVDGAA;66134.79
pol;311;SPAIFQSSM;66440.06
pol;896;FIHNFKRKG;66900.60
pol;305;PQGWKGSPA;67675.27
pol;583;QLEKEPIVG;67675.27
pol;907;GGYSAGERI;67675.27
pol;83;GADDTVLEE;67987.65
pol;321;KILEPFRKQ;67987.65
pol;86;DTVLEEMSL;68774.91
pol;65;PLVTIKIGG;69092.36
pol;424;QIYPGIKVR;69411.27
pol;394;WTVQPIVLP;70215.02
pol;326;FRKQNPDIV;70376.88
pol;32;QVWGRDNNS;70376.88
pol;581;WYQLEKEPI;71028.07
pol;826;KTIHTDNGS;71028.07
pol;246;QLGIPHPAG;71685.28
pol;578;VKLWYQLEK;73355.05
pol;551;ETWETWWTE;73693.64
pol;584;LEKEPIVGA;73693.64
pol;56;FPQVTLWQR;74033.79
pol;531;TTESIVIWG;75063.71
pol;728;EKYHSNWRA;75236.75
pol;759;QLKGEAMHG;76107.95
pol;822;RWPVKTIHT;77880.73
pol;73;GQLKEALLD;78060.26
pol;965;VIQDNSDIK;80062.66
pol;839;ATVRAACWW;80432.21
pol;81;DTGADDTVL;80803.47
pol;117;QILIEICGH;80989.74
pol;72;GGQLKEALL;81739.13
pol;254;GLKKKKSVT;83067.28
pol;274;PLDEDFRKY;83835.89
pol;140;IIGRNLLTQ;85986.45
pol;497;YQEPFKNLK;87786.96
pol;942;YRDSRNPLW;87989.33
pol;182;TEEKIKALV;87989.33
pol;616;RGRQKVVTL;90038.86
pol;857;PYNPQSQGV;90038.86
pol;841;VRAACWWAG;91291.43
pol;133;VGPTPVNII;92561.42
pol;548;IQKETWETW;93849.08
pol;256;KKKKSVTVL;94282.26
pol;154;NFPISPIET;94935.80
pol;673;VNQIIEQLI;95374.00
pol;688;LAWVPAHKG;96035.10
pol;25;SPTRRELQV;96035.10
pol;186;IKALVEICT;96035.10
pol;590;VGAETFYVD;96256.49
pol;359;ELRQHLLRW;96700.79
pol;357;IEELRQHLL;97147.14
pol;622;VTLTDTTNQ;98725.65
pol;502;KNLKTGKYA;98953.24
pol;105;GIGGFIKVR;99639.15
pol;479;DLIAEIQKQ;101258.15
pol;642;QDSGLEVNI;101491.58
pol;170;GMDGPKVKQ;102666.79
pol;799;IEAEVIPAE;102666.79
pol;794;VASGYIEAE;103855.62
pol;554;ETWWTEYWQ;104335.00
pol;509;YARMRGAHT;105300.39
pol;333;IVIYQYMDD;106030.30
pol;741;FNLPPVVAK;106274.73
pol;723;AQDEHEKYH;107011.39
pol;637;IYLALQDSG;108001.55
pol;16;FSSEQTRAN;108500.07
pol;931;QITKIQNFR;108750.18
pol;846;WWAGIKQEF;109000.88
pol;471;GVYYDPSKD;111539.84
pol;341;DLYVGSDLE;113613.52
pol;761;KGEAMHGQV;114401.05
pol;271;FSVPLDEDF;114929.10
pol;71;IGGQLKEAL;115992.52
pol;893;MAVFIHNFK;116796.55
pol;924;QTKELQKQI;119792.60
pol;332;DIVIYQYMD;120901.03
pol;664;QPDQSESEL;121459.08
pol;860;PQSQGVVES;121459.08
pol;804;IPAETGQET;121739.08
pol;626;DTTNQKTEL;122582.93
pol;365;LRWGLTTPD;123432.63
pol;327;RKQNPDIVI;124574.74
pol;266;VGDAYFSVP;125727.42
pol;952;GPAKLLWKG;125727.42
pol;146;LTQIGCTLN;126017.25
pol;221;KDSTKWRKL;126307.75
pol;852;QEFGIPYNP;127183.27
pol;729;KYHSNWRAM;127476.46
pol;643;DSGLEVNIV;128952.57
pol;349;EIGQHRTKI;131349.98
pol;875;KIIGQVRDQ;134719.36
pol;115;YDQILIEIC;136593.49
pol;297;IRYQYNVLP;136908.37
pol;743;LPPVVAKEI;137223.98
pol;9;LQGKAREFS;138493.69
pol;534;SIVIWGKTP;138812.96
pol;238;RTQDFWEVQ;139453.69
pol;703;VDKLVSAGI;140744.04
pol;511;RMRGAHTND;141393.68
pol;163;VPVKLKPGM;143030.94
pol;2;FREDLAFLQ;143360.66
pol;62;WQRPLVTIK;143691.14
pol;259;KSVTVLDVG;144687.16
pol;110;IKVRQYDQI;147038.14
pol;128;IGTVLVGPT;150809.95
pol;659;GIIQAQPDQ;152556.25
pol;911;AGERIVDII;152907.93
pol;63;QRPLVTIKI;153613.72
pol;784;EGKVILVAV;155750.70
pol;319;MTKILEPFR;157191.84
pol;663;AQPDQSESE;157554.21
pol;768;QVDCSPGIW;161224.11
pol;719;GIDKAQDEH;161595.77
pol;158;SPIETVPVK;161968.29
pol;816;LLKLAGRWP;161968.29
pol;187;KALVEICTE;161968.29
pol;504;LKTGKYARM;163091.00
pol;850;IKQEFGIPY;164221.49
pol;946;RNPLWKGPA;164600.06
pol;270;YFSVPLDED;164979.51
pol;608;GKAGYVTNR;165359.82
pol;679;QLIKKEKVY;167660.21
pol;38;NNSPSEAGA;168046.70
pol;272;SVPLDEDFR;169211.55
pol;310;GSPAIFQSS;169992.59
pol;864;GVVESMNKE;170777.24
pol;713;KVLFLDGID;171170.93
pol;229;LVDFRELNK;173152.99
pol;129;GTVLVGPTP;173552.15
pol;758;CQLKGEAMH;174353.23
pol;109;FIKVRQYDQ;176778.73
pol;493;TYQIYQEPF;177186.24
pol;23;ANSPTRREL;179651.15
pol;387;YELHPDKWT;180896.43
pol;137;PVNIIGRNL;182570.25
pol;609;KAGYVTNRG;186822.85
pol;573;NTPPLVKLW;189421.82
pol;797;GYIEAEVIP;194728.72
pol;939;RVYYRDSRN;194728.72
pol;283;TAFTIPSIN;195177.61
pol;463;EILKEPVHG;198348.99
pol;385;MGYELHPDK;199264.53
pol;122;ICGHKAIGT;200645.77
pol;94;LPGRWKPKM;202969.13
pol;515;AHTNDVKQL;203437.03
pol;970;SDIKVVPRR;205319.41
pol;617;GRQKVVTLT;209618.69
pol;878;GQVRDQAEH;210101.91
pol;273;VPLDEDFRK;213024.72
pol;451;TEEAELELA;213515.79
pol;586;KEPIVGAET;214008.00
pol;244;EVQLGIPHP;216985.14
pol;995;CVASRQDED;217986.70
pol;178;QWPLTEEKI;218992.88
pol;505;KTGKYARMR;221019.20
pol;222;DSTKWRKLV;221019.20
pol;19;EQTRANSPT;224610.47
pol;949;LWKGPAKLL;225128.25
pol;116;DQILIEICG;225647.23
pol;234;ELNKRTQDF;226688.77
pol;813;AYFLLKLAG;227735.11
pol;12;KAREFSSEQ;228786.29
pol;175;KVKQWPLTE;229313.70
pol;329;QNPDIVIYQ;231969.03
pol;665;PDQSESELV;231969.03
pol;559;EYWQATWIP;232503.77
pol;322;ILEPFRKQN;232503.77
pol;211;YNTPVFAIK;237919.48
pol;981;KIIRDYGKQ;238467.94
pol;983;IRDYGKQMA;240120.92
pol;538;WGKTPKFKL;244022.57
pol;532;TESIVIWGK;244022.57
pol;751;IVASCDKCQ;244585.10
pol;31;LQVWGRDNN;249706.59
pol;855;GIPYNPQSQ;249706.59
pol;969;NSDIKVVPR;250859.18
pol;260;SVTVLDVGD;252017.09
pol;871;KELKKIIGQ;254935.31
pol;162;TVPVKLKPG;257294.20
pol;790;VAVHVASGY;260273.53
pol;435;CKLLRGTKA;261474.90
pol;662;QAQPDQSES;262077.66
pol;567;PEWEFVNTP;269420.10
pol;731;HSNWRAMAS;270041.18
pol;143;RNLLTQIGC;271287.64
pol;15;EFSSEQTRA;275695.70
pol;909;YSAGERIVD;280821.27
pol;278;DFRKYTAFT;283419.68
pol;699;GNEQVDKLV;283419.68
pol;523;LTEAVQKIT;288024.88
pol;674;NQIIEQLIK;288688.84
pol;280;RKYTAFTIP;298146.70
pol;352;QHRTKIEEL;298833.99
pol;454;AELELAENR;301599.07
pol;449;PLTEEAELE;303689.66
pol;298;RYQYNVLPQ;305091.42
pol;843;AACWWAGIK;312917.61
pol;780;CTHLEGKVI;315086.65
pol;919;IATDIQTKE;318002.11
pol;653;DSQYALGII;319469.94
pol;753;ASCDKCQLK;322425.96
pol;984;RDYGKQMAG;325409.33
pol;750;EIVASCDKC;326159.48
pol;224;TKWRKLVDF;331459.14
pol;339;MDDLYVGSD;336070.20
pol;951;KGPAKLLWK;336844.92
pol;225;KWRKLVDFR;337621.43
pol;862;SQGVVESMN;337621.43
pol;621;VVTLTDTTN;339961.71
pol;847;WAGIKQEFG;342318.21
pol;461;NREILKEPV;342318.21
pol;832;NGSNFTGAT;346282.07
pol;820;AGRWPVKTI;348682.38
pol;646;LEVNIVTDS;351099.33
pol;580;LWYQLEKEP;351908.70
pol;635;QAIYLALQD;357626.75
pol;732;SNWRAMASD;358451.17
pol;898;HNFKRKGGI;359277.48
pol;268;DAYFSVPLD;360105.70
pol;962;GAVVIQDNS;361767.88
pol;331;PDIVIYQYM;363437.72
pol;923;IQTKELQKQ;363437.72
pol;566;IPEWEFVNT;365115.27
pol;912;GERIVDIIA;365956.95
pol;66;LVTIKIGGQ;368493.64
pol;330;NPDIVIYQY;371903.27
pol;763;EAMHGQVDC;372760.60
pol;827;TIHTDNGSN;374481.18
pol;618;RQKVVTLTD;384087.35
pol;240;QDFWEVQLG;386749.71
pol;628;TNQKTELQA;386749.71
pol;344;VGSDLEIGQ;392129.94
pol;153;LNFPISPIE;395758.27
pol;190;VEICTEMEK;396670.59
pol;312;PAIFQSSMT;397585.01
pol;377;QKEPPFLWM;398501.54
pol;156;PISPIETVP;400340.94
pol;390;HPDKWTVQP;400340.94
pol;830;TDNGSNFTG;408723.87
pol;963;AVVIQDNSD;409666.07
pol;807;ETGQETAYF;412505.74
pol;82;TGADDTVLE;417282.34
pol;904;GGIGGYSAG;424062.63
pol;269;AYFSVPLDE;425040.19
pol;760;LKGEAMHGQ;426020.01
pol;276;DEDFRKYTA;429961.93
pol;588;PIVGAETFY;431946.54
pol;612;YVTNRGRQK;435943.29
pol;845;CWWAGIKQE;445071.72
pol;552;TWETWWTEY;446097.72
pol;844;ACWWAGIKQ;450225.41
pol;374;KKHQKEPPF;450225.41
pol;34;WGRDNNSPS;454391.29
pol;690;WVPAHKGIG;460712.50
pol;740;DFNLPPVVA;464975.42
pol;577;LVKLWYQLE;471443.88
pol;124;GHKAIGTVL;472530.67
pol;869;MNKELKKII;474711.77
pol;639;LALQDSGLE;475806.09
pol;708;SAGIRKVLF;480208.67
pol;212;NTPVFAIKK;481315.67
pol;597;VDGAANRET;484651.99
pol;810;QETAYFLLK;484651.99
pol;346;SDLEIGQHR;489136.42
pol;757;KCQLKGEAM;491394.17
pol;834;SNFTGATVR;493662.34
pol;468;PVHGVYYDP;495940.98
pol;838;GATVRAACW;502840.21
pol;97;RWKPKMIGG;503999.38
pol;831;DNGSNFTGA;522913.68
pol;189;LVEICTEME;536327.42
pol;242;FWEVQLGIP;540045.06
pol;754;SCDKCQLKG;542537.80
pol;108;GFIKVRQYD;542537.80
pol;510;ARMRGAHTN;551353.33
pol;696;GIGGNEQVD;553898.26
pol;803;VIPAETGQE;553898.26
pol;938;FRVYYRDSR;555175.13
pol;913;ERIVDIIAT;560312.10
pol;926;KELQKQITK;566800.21
pol;469;VHGVYYDPS;568106.82
pol;3;REDLAFLQG;576009.97
pol;773;PGIWQLDCT;589426.97
pol;370;TTPDKKHQK;601769.26
pol;275;LDEDFRKYT;605940.53
pol;661;IQAQPDQSE;611547.23
pol;340;DDLYVGSDL;618628.61
pol;220;KKDSTKWRK;627234.59
pol;524;TEAVQKITT;627234.59
pol;666;DQSESELVN;630129.77
pol;447;VIPLTEEAE;633038.32
pol;248;GIPHPAGLK;635960.29
pol;722;KAQDEHEKY;638895.75
pol;823;WPVKTIHTD;638895.75
pol;800;EAEVIPAET;643324.36
pol;470;HGVYYDPSK;650773.71
pol;55;NFPQVTLWQ;653777.55
pol;391;PDKWTVQPI;658309.31
pol;484;IQKQGQGQW;659826.87
pol;594;TFYVDGAAN;662872.50
pol;33;VWGRDNNSP;664400.58
pol;45;GADRQGTVS;672093.97
pol;954;AKLLWKGEG;673643.31
pol;980;AKIIRDYGK;675196.22
pol;805;PAETGQETA;683014.62
pol;491;QWTYQIYQE;689334.48
pol;20;QTRANSPTR;726825.24
pol;900;FKRKGGIGG;726825.24
pol;444;LTEVIPLTE;730180.11
pol;562;QATWIPEWE;738635.20
pol;837;TGATVRAAC;738635.20
pol;320;TKILEPFRK;752367.45
pol;940;VYYRDSRNP;762833.93
pol;960;GEGAVVIQD;768121.64
pol;950;WKGPAKLLW;773446.00
pol;134;GPTPVNIIG;787825.44
pol;779;DCTHLEGKV;800626.57
pol;619;QKVVTLTDT;800626.57
pol;614;TNRGRQKVV;808034.68
pol;802;EVIPAETGQ;811764.40
pol;772;SPGIWQLDC;823057.17
pol;300;QYNVLPQGW;828762.32
pol;682;KKEKVYLAW;836430.77
pol;874;KKIIGQVRD;836430.77
pol;627;TTNQKTELQ;840291.56
pol;351;GQHRTKIEE;842228.63
pol;881;RDQAEHLKT;853945.20
pol;57;PQVTLWQRP;857886.83
pol;368;GLTTPDKKH;859864.46
pol;150;GCTLNFPIS;861846.65
pol;895;VFIHNFKRK;873836.14
pol;936;QNFRVYYRD;877869.58
pol;89;LEEMSLPGR;879893.28
pol;307;GWKGSPAIF;898317.79
pol;575;PPLVKLWYQ;906629.82
pol;658;LGIIQAQPD;917128.10
pol;6;LAFLQGKAR;921361.37
pol;335;IYQYMDDLY;925614.18
pol;135;PTPVNIIGR;934178.78
pol;691;VPAHKGIGG;934178.78
pol;121;EICGHKAIG;938490.76
pol;591;GAETFYVDG;938490.76
pol;75;LKEALLDTG;944996.06
pol;669;ESELVNQII;947174.51
pol;467;EPVHGVYYD;949357.97
pol;14;REFSSEQTR;969237.03
pol;30;ELQVWGRDN;971471.36
pol;771;CSPGIWQLD;991813.46
pol;478;KDLIAEIQK;996391.47
pol;676;IIEQLIKKE;1000990.60
pol;458;LAENREILK;1014915.77
pol;778;LDCTHLEGK;1021950.83
pol;498;QEPFKNLKT;1043349.95
pol;230;VDFRELNKR;1062747.27
pol;765;MHGQVDCSP;1067652.69
pol;902;RKGGIGGYS;1070113.89
pol;69;IKIGGQLKE;1075053.31
pol;766;HGQVDCSPG;1075053.31
pol;466;KEPVHGVYY;1077531.56
pol;243;WEVQLGIPH;1090008.79
pol;734;WRAMASDFN;1092521.52
pol;428;GIKVRQLCK;1100094.52
pol;979;KAKIIRDYG;1110273.57
pol;360;LRQHLLRWG;1115398.36
pol;885;EHLKTAVQM;1128314.06
pol;973;KVVPRRKAK;1130915.09
pol;171;MDGPKVKQW;1146647.69
pol;744;PPVVAKEIV;1165279.21
pol;200;GKISKIGPE;1167965.46
pol;849;GIKQEFGIP;1173356.54
pol;422;ASQIYPGIK;1173356.54
pol;600;AANRETKLG;1176061.41
pol;325;PFRKQNPDI;1184213.48
pol;197;EKEGKISKI;1189679.56
pol;367;WGLTTPDKK;1189679.56
pol;7;AFLQGKARE;1195170.87
pol;46;ADRQGTVSF;1195170.87
pol;410;NDIQKLVGK;1203455.40
pol;217;AIKKKDSTK;1220197.13
pol;91;EMSLPGRWK;1225829.31
pol;176;VKQWPLTEE;1251497.54
pol;856;IPYNPQSQG;1254382.54
pol;533;ESIVIWGKT;1271832.74
pol;203;SKIGPENPY;1274764.62
pol;549;QKETWETWW;1292498.36
pol;103;IGGIGGFIK;1298464.26
pol;537;IWGKTPKFK;1313499.77
pol;362;QHLLRWGLT;1316527.70
pol;284;AFTIPSINN;1322604.51
pol;174;PKVKQWPLT;1337919.55
pol;366;RWGLTTPDK;1347193.57
pol;308;WKGSPAIFQ;1353411.93
pol;485;QKQGQGQWT;1410684.84
pol;647;EVNIVTDSQ;1413936.81
pol;828;IHTDNGSNF;1463625.61
pol;406;SWTVNDIQK;1504630.98
pol;501;FKNLKTGKY;1511576.04
pol;192;ICTEMEKEG;1518553.16
pol;288;PSINNETPG;1518553.16
pol;785;GKVILVAVH;1529079.27
pol;610;AGYVTNRGR;1543227.66
pol;425;IYPGIKVRQ;1546785.17
pol;293;ETPGIRYQY;1553924.81
pol;947;NPLWKGPAK;1564696.10
pol;196;MEKEGKISK;1579174.05
pol;413;QKLVGKLNW;1586463.19
pol;49;QGTVSFNFP;1608533.09
pol;257;KKKSVTVLD;1612241.14
pol;287;IPSINNETP;1623416.67
pol;304;LPQGWKGSP;1657410.17
pol;90;EEMSLPGRW;1661230.90
pol;749;KEIVASCDK;1680467.04
pol;943;RDSRNPLWK;1688223.73
pol;972;IKVVPRRKA;1707772.44
pol;684;EKVYLAWVP;1707772.44
pol;107;GGFIKVRQY;1747551.57
pol;68;TIKIGGQLK;1767787.26
pol;64;RPLVTIKIG;1771862.43
pol;630;QKTELQAIY;1780040.98
pol;161;ETVPVKLKP;1792379.63
pol;28;RRELQVWGR;1796511.49
pol;290;INNETPGIR;1851100.51
pol;922;DIQTKELQK;1916152.19
pol;670;SELVNQIIE;1969835.68
pol;4;EDLAFLQGK;1997238.83
pol;992;GDDCVASRQ;2025023.19
pol;487;QGQGQWTYQ;2034370.27
pol;405;DSWTVNDIQ;2039059.98
pol;100;PKMIGGIGG;2067426.13
pol;355;TKIEELRQH;2072192.03
pol;43;EAGADRQGT;2096186.89
pol;292;NETPGIRYQ;2115582.67
pol;825;VKTIHTDNG;2135157.91
pol;978;RKAKIIRDY;2140079.96
pol;18;SEQTRANSP;2164860.92
pol;27;TRRELQVWG;2174853.46
pol;928;LQKQITKIQ;2179867.02
pol;513;RGAHTNDVK;2210191.99
pol;821;GRWPVKTIH;2230642.64
pol;389;LHPDKWTVQ;2230642.64
pol;412;IQKLVGKLN;2235784.80
pol;602;NRETKLGKA;2261673.97
pol;40;SPSEAGADR;2277351.15
pol;546;LPIQKETWE;2282600.98
pol;880;VRDQAEHLK;2325037.70
pol;906;IGGYSAGER;2325037.70
pol;514;GAHTNDVKQ;2351960.37
pol;301;YNVLPQGWK;2357382.20
pol;975;VPRRKAKII;2423427.32
pol;403;EKDSWTVND;2429013.90
pol;10;QGKAREFSS;2434613.36
pol;959;KGEGAVVIQ;2468482.20
pol;29;RELQVWGRD;2485592.90
pol;568;EWEFVNTPP;2502822.21
pol;916;VDIIATDIQ;2508591.81
pol;96;GRWKPKMIG;2543489.80
pol;756;DKCQLKGEA;2578873.27
pol;441;TKALTEVIP;2596749.16
pol;202;ISKIGPENP;2681822.31
pol;369;LTTPDKKHQ;2731681.11
pol;462;REILKEPVH;2737978.29
pol;867;ESMNKELKK;2756957.05
pol;167;LKPGMDGPK;2763312.49
pol;165;VKLKPGMDG;2788881.11
pol;386;GYELHPDKW;2808212.71
pol;345;GSDLEIGQH;2808212.71
pol;136;TPVNIIGRN;2814686.30
pol;42;SEAGADRQG;2860421.28
pol;482;AEIQKQGQG;2860421.28
pol;431;VRQLCKLLR;2886888.43
pol;316;QSSMTKILE;2893543.40
pol;21;TRANSPTRR;2933796.59
pol;477;SKDLIAEIQ;2940559.69
pol;539;GKTPKFKLP;2940559.69
pol;607;LGKAGYVTN;2954132.70
pol;35;GRDNNSPSE;2988339.94
pol;733;NWRAMASDF;3009054.13
pol;13;AREFSSEQT;3029911.89
pol;223;STKWRKLVD;3036896.56
pol;218;IKKKDSTKW;3086242.16
pol;219;KKKDSTKWR;3093356.69
pol;409;VNDIQKLVG;3100487.61
pol;191;EICTEMEKE;3158129.98
pol;806;AETGQETAY;3187351.79
pol;648;VNIVTDSQY;3269113.51
pol;348;LEIGQHRTK;3314591.41
pol;195;EMEKEGKIS;3329890.86
pol;542;PKFKLPIQK;3352972.57
pol;380;PPFLWMGYE;3383997.24
pol;933;TKIQNFRVY;3431073.33
pol;455;ELELAENRE;3478804.31
pol;792;VHVASGYIE;3486823.79
pol;277;EDFRKYTAF;3486823.79
pol;77;EALLDTGAD;3502918.23
pol;769;VDCSPGIWQ;3601057.04
pol;231;DFRELNKRT;3601057.04
pol;801;AEVIPAETG;3668005.68
pol;198;KEGKISKIG;3710479.19
pol;169;PGMDGPKVK;3823226.26
pol;22;RANSPTRRE;3930338.90
pol;106;IGGFIKVRQ;3948480.52
pol;214;PVFAIKKKD;3957582.71
pol;945;SRNPLWKGP;4012638.17
pol;17;SSEQTRANS;4021888.26
pol;11;GKAREFSSE;4049766.65
pol;142;GRNLLTQIG;4096660.74
pol;445;TEVIPLTEE;4106104.52
pol;525;EAVQKITTE;4106104.52
pol;233;RELNKRTQD;4221142.37
pol;667;QSESELVNQ;4240626.28
pol;587;EPIVGAETF;4319465.40
pol;574;TPPLVKLWY;4369482.46
pol;95;PGRWKPKMI;4430268.01
pol;866;VESMNKELK;4471260.78
pol;944;DSRNPLWKG;4481568.10
pol;884;AEHLKTAVQ;4671216.54
pol;208;ENPYNTPVF;4681984.81
pol;459;AENREILKE;4692777.90
pol;235;LNKRTQDFW;4769029.40
pol;215;VFAIKKKDS;4835373.21
pol;397;QPIVLPEKD;4902639.95
pol;249;IPHPAGLKK;4970842.47
pol;863;QGVVESMNK;5051612.16
pol;453;EAELELAEN;5253273.36
pol;700;NEQVDKLVS;5265383.40
pol;762;GEAMHGQVD;5326353.67
pol;489;QGQWTYQIY;5363274.19
pol;937;NFRVYYRDS;5462984.90
pol;697;IGGNEQVDK;5616037.51
pol;354;RTKIEELRQ;5628983.82
pol;508;KYARMRGAH;5668002.07
pol;483;EIQKQGQGQ;5707290.78
pol;968;DNSDIKVVP;5746851.83
pol;294;TPGIRYQYN;5976267.11
pol;452;EEAELELAE;6073373.64
pol;427;PGIKVRQLC;6257919.90
pol;520;VKQLTEAVQ;6359602.92
pol;692;PAHKGIGGN;6448073.81
pol;724;QDEHEKYHS;6492769.72
pol;987;GKQMAGDDC;6583093.14
pol;725;DEHEKYHSN;6941127.15
pol;193;CTEMEKEGK;7086470.77
pol;977;RRKAKIIRD;7168528.23
pol;727;HEKYHSNWR;7218218.10
pol;601;ANRETKLGK;7352414.79
pol;39;NSPSEAGAD;7369363.86
pol;721;DKAQDEHEK;7403379.29
pol;517;TNDVKQLTE;7610794.58
pol;379;EPPFLWMGY;7681216.39
pol;499;EPFKNLKTG;7734460.04
pol;901;KRKGGIGGY;7842057.10
pol;438;LRGTKALTE;7860134.91
pol;475;DPSKDLIAE;7914618.76
pol;26;PTRRELQVW;8006265.72
pol;711;IRKVLFLDG;8024722.07
pol;236;NKRTQDFWE;8080346.79
pol;323;LEPFRKQNP;8117643.97
pol;985;DYGKQMAGD;8325877.18
pol;615;NRGRQKVVT;8383589.40
pol;921;TDIQTKELQ;8441701.67
pol;748;AKEIVASCD;8461161.80
pol;353;HRTKIEELR;8461161.80
pol;160;IETVPVKLK;8500216.75
pol;717;LDGIDKAQD;8698212.23
pol;179;WPLTEEKIK;8718263.68
pol;481;IAEIQKQGQ;8778695.80
pol;416;VGKLNWASQ;9213613.71
pol;213;TPVFAIKKK;9234853.28
pol;603;RETKLGKAG;9537400.06
pol;677;IEQLIKKEK;9647837.94
pol;358;EELRQHLLR;9714713.56
pol;47;DRQGTVSFN;10530039.49
pol;543;KFKLPIQKE;10530039.49
pol;971;DIKVVPRRK;10603030.24
pol;541;TPKFKLPIQ;11257190.10
pol;465;LKEPVHGVY;11466476.89
pol;694;HKGIGGNEQ;11599252.43
pol;324;EPFRKQNPD;11814898.64
pol;226;WRKLVDFRE;11951708.71
pol;961;EGAVVIQDN;12486191.75
pol;925;TKELQKQIT;12601725.06
pol;929;QKQITKIQN;12689076.04
pol;24;NSPTRRELQ;12747646.16
pol;398;PIVLPEKDS;13165276.96
pol;460;ENREILKEP;13195626.06
pol;877;IGQVRDQAE;13440951.07
pol;206;GPENPYNTP;13690837.00
pol;611;GYVTNRGRQ;14737709.78
pol;986;YGKQMAGDD;15011704.26
pol;824;PVKTIHTDN;15864631.91
pol;873;LKKIIGQVR;16011425.54
pol;99;KPKMIGGIG;16843409.21
pol;506;TGKYARMRG;17718624.32
pol;350;IGQHRTKIE;17759469.96
pol;853;EFGIPYNPQ;18257024.57
pol;604;ETKLGKAGY;19743766.22
pol;897;IHNFKRKGG;20296913.46
pol;172;DGPKVKQWP;20296913.46
pol;251;HPAGLKKKK;20913657.92
pol;859;NPQSQGVVE;21899288.25
pol;870;NKELKKIIG;23037216.30
pol;718;DGIDKAQDE;23465510.13
pol;85;DDTVLEEMS;24012092.07
pol;37;DNNSPSEAG;24913227.85
pol;704;DKLVSAGIR;25552300.13
pol;371;TPDKKHQKE;30159907.14
pol;232;FRELNKRTQ;31291760.67
pol;164;PVKLKPGMD;32391420.94
pol;720;IDKAQDEHE;33298908.65
pol;598;DGAANRETK;33375670.56
pol;726;EHEKYHSNW;35845116.81
pol;402;PEKDSWTVN;36680056.84
pol;291;NNETPGIRY;41824427.02
pol;500;PFKNLKTGK;44302680.13
pol;625;TDTTNQKTE;46390601.11
pol;41;PSEAGADRQ;46927778.96
pol;755;CDKCQLKGE;48353732.10
pol;434;LCKLLRGTK;49252695.10
pol;899;NFKRKGGIG;51101070.72
pol;585;EKEPIVGAE;59078573.45
pol;252;PAGLKKKKS;60038523.04
pol;199;EGKISKIGP;73186335.13
pol;250;PHPAGLKKK;79511509.78
pol;373;DKKHQKEPP;104334995.10
pol;693;AHKGIGGNE;104334995.10
pol;993;DDCVASRQD;110009451.67
pol;953;PAKLLWKGE;124574743.03
pol;372;PDKKHQKEP;176778726.11
pol;183;EEKIKALVE;255523001.35
pol;994;DCVASRQDE;260873521.07
pol;976;PRRKAKIIR;262681809.93
vif;23;SLVKHHMYV;46.82
vif;5;WQVMIVWQV;67.52
vif;101;ELADQLIHL;205.79
vif;64;LVITTYWGL;243.46
vif;145;LQYLALAAL;371.90
vif;144;SLQYLALAA;372.76
vif;147;YLALAALIT;425.04
vif;141;KVGSLQYLA;683.01
vif;123;ALLGHIVSP;725.15
vif;158;KIKPPLPSV;806.18
vif;149;ALAALITPK;1017.26
vif;108;HLYYFDCFS;1220.20
vif;111;YFDCFSDSA;1263.08
vif;51;ISSEVHIPL;1337.92
vif;63;RLVITTYWG;1619.68
vif;143;GSLQYLALA;1627.16
vif;8;MIVWQVDRM;1727.55
vif;17;RIRTWKSLV;1872.54
vif;105;QLIHLYYFD;2001.84
vif;94;YSTQVDPEL;2357.38
vif;124;LLGHIVSPR;2694.20
vif;73;HTGERDWHL;3009.05
vif;7;VMIVWQVDR;4649.75
vif;115;FSDSAIRKA;5301.88
vif;168;KLTEDRWNK;5564.55
vif;146;QYLALAALI;6059.41
vif;58;PLGDARLVI;6418.45
vif;77;RDWHLGQGV;6861.67
vif;110;YYFDCFSDS;7102.81
vif;56;HIPLGDARL;7168.53
vif;57;IPLGDARLV;7523.67
vif;104;DQLIHLYYF;7593.29
vif;106;LIHLYYFDC;8758.51
vif;1;MENRWQVMI;11077.20
vif;67;TTYWGLHTG;12117.97
vif;15;RMRIRTWKS;12984.64
vif;95;STQVDPELA;13135.00
vif;121;RKALLGHIV;14468.72
vif;148;LALAALITP;14468.72
vif;140;NKVGSLQYL;17556.18
vif;66;ITTYWGLHT;18341.30
vif;129;VSPRCEYQA;18811.78
vif;112;FDCFSDSAI;20769.69
vif;50;RISSEVHIP;24234.27
vif;30;YVSGKARGW;25201.71
vif;135;YQAGHNKVG;29136.00
vif;151;AALITPKKI;30090.54
vif;38;WFYRHHYES;31581.30
vif;98;VDPELADQL;32316.92
vif;162;PLPSVTKLT;33222.32
vif;102;LADQLIHLY;33298.91
vif;142;VGSLQYLAL;33684.49
vif;24;LVKHHMYVS;37794.62
vif;79;WHLGQGVSI;37881.75
vif;109;LYYFDCFSD;38232.26
vif;90;RKKRYSTQV;43997.70
vif;10;VWQVDRMRI;46604.73
vif;9;IVWQVDRMR;51218.87
vif;19;RTWKSLVKH;56031.21
vif;122;KALLGHIVS;56549.66
vif;128;IVSPRCEYQ;60873.74
vif;137;AGHNKVGSL;66593.22
vif;59;LGDARLVIT;67054.82
vif;80;HLGQGVSIE;70701.72
vif;60;GDARLVITT;73693.64
vif;11;WQVDRMRIR;82495.45
vif;16;MRIRTWKSL;84222.86
vif;28;HMYVSGKAR;85198.12
vif;27;HHMYVSGKA;86582.48
vif;12;QVDRMRIRT;90662.98
vif;71;GLHTGERDW;90662.98
vif;181;KGHRGSHTM;91081.46
vif;65;VITTYWGLH;91501.88
vif;107;IHLYYFDCF;91712.81
vif;6;QVMIVWQVD;94282.26
vif;81;LGQGVSIEW;96700.79
vif;34;KARGWFYRH;99181.35
vif;82;GQGVSIEWR;100792.91
vif;161;PPLPSVTKL;112054.68
vif;150;LAALITPKK;112054.68
vif;62;ARLVITTYW;112312.99
vif;33;GKARGWFYR;114137.93
vif;153;LITPKKIKP;119517.09
vif;21;WKSLVKHHM;122019.71
vif;118;SAIRKALLG;127476.46
vif;134;EYQAGHNKV;151506.06
vif;36;RGWFYRHHY;164600.06
vif;69;YWGLHTGER;168822.37
vif;157;KKIKPPLPS;170384.47
vif;159;IKPPLPSVT;177186.24
vif;3;NRWQVMIVW;181313.44
vif;42;HHYESPHPR;182150.35
vif;154;ITPKKIKPP;185964.48
vif;2;ENRWQVMIV;190296.15
vif;152;ALITPKKIK;197892.80
vif;116;SDSAIRKAL;200184.29
vif;155;TPKKIKPPL;200645.77
vif;96;TQVDPELAD;200645.77
vif;119;AIRKALLGH;202502.32
vif;120;IRKALLGHI;221528.70
vif;117;DSAIRKALL;226688.77
vif;4;RWQVMIVWQ;255523.00
vif;114;CFSDSAIRK;262681.81
vif;37;GWFYRHHYE;266336.08
vif;43;HYESPHPRI;268800.46
vif;47;PHPRISSEV;271913.02
vif;44;YESPHPRIS;276968.26
vif;97;QVDPELADQ;282767.83
vif;52;SSEVHIPLG;282767.83
vif;165;SVTKLTEDR;302294.33
vif;29;MYVSGKARG;311479.88
vif;127;HIVSPRCEY;337621.43
vif;125;LGHIVSPRC;366800.57
vif;39;FYRHHYESP;378817.47
vif;22;KSLVKHHMY;380566.01
vif;169;LTEDRWNKP;395758.27
vif;68;TYWGLHTGE;430953.09
vif;49;PRISSEVHI;503999.38
vif;85;VSIEWRKKR;513369.43
vif;54;EVHIPLGDA;541290.00
vif;87;IEWRKKRYS;551353.33
vif;40;YRHHYESPH;641844.76
vif;26;KHHMYVSGK;667467.31
vif;93;RYSTQVDPE;689334.48
vif;53;SEVHIPLGD;815511.33
vif;25;VKHHMYVSG;867820.69
vif;103;ADQLIHLYY;892133.81
vif;83;QGVSIEWRK;900388.63
vif;136;QAGHNKVGS;1120546.80
vif;92;KRYSTQVDP;1128314.06
vif;84;GVSIEWRKK;1144010.47
vif;55;VHIPLGDAR;1522053.79
vif;31;VSGKARGWF;1731529.92
vif;32;SGKARGWFY;1743532.31
vif;75;GERDWHLGQ;1829911.14
vif;166;VTKLTEDRW;1872535.24
vif;172;DRWNKPQKT;2067426.13
vif;183;HRGSHTMNG;2120459.59
vif;184;RGSHTMNGH;2125347.75
vif;41;RHHYESPHP;2200037.08
vif;180;TKGHRGSHT;2395686.58
vif;113;DCFSDSAIR;2584818.18
vif;18;IRTWKSLVK;2681822.31
vif;86;SIEWRKKRY;2731681.11
vif;133;CEYQAGHNK;2737978.29
vif;70;WGLHTGERD;2808212.71
vif;164;PSVTKLTED;2834196.78
vif;170;TEDRWNKPQ;2853842.49
vif;88;EWRKKRYST;2873624.38
vif;74;TGERDWHLG;3093356.69
vif;46;SPHPRISSE;3239142.09
vif;99;DPELADQLI;3642755.31
vif;160;KPPLPSVTK;3832039.70
vif;13;VDRMRIRTW;4003409.36
vif;61;DARLVITTY;4031159.67
vif;167;TKLTEDRWN;4389651.07
vif;35;ARGWFYRHH;6433243.65
vif;179;KTKGHRGSH;6448073.81
vif;130;SPRCEYQAG;6845891.31
vif;173;RWNKPQKTK;6989240.74
vif;177;PQKTKGHRG;7403379.29
vif;131;PRCEYQAGH;7770160.69
vif;163;LPSVTKLTE;8155113.32
vif;20;TWKSLVKHH;8249545.08
vif;91;KKRYSTQVD;8441701.67
vif;138;GHNKVGSLQ;8758505.36
vif;178;QKTKGHRGS;9192422.99
vif;76;ERDWHLGQG;9363322.89
vif;45;ESPHPRISS;9670078.51
vif;100;PELADQLIH;9827204.64
vif;78;DWHLGQGVS;10800155.29
vif;176;KPQKTKGHR;11153983.56
vif;14;DRMRIRTWK;11361351.60
vif;126;GHIVSPRCE;13659348.95
vif;139;HNKVGSLQY;17235742.61
vif;174;WNKPQKTKG;17435323.11
vif;72;LHTGERDWH;20110830.24
vif;132;RCEYQAGHN;20157190.49
vif;182;GHRGSHTMN;23956865.80
vif;156;PKKIKPPLP;30791440.02
vif;175;NKPQKTKGH;35190869.70
vif;89;WRKKRYSTQ;45230355.37
vif;48;HPRISSEVH;51573903.11
vif;171;EDRWNKPQK;96478379.45
vpr;18;WTLELLEEL;218.99
vpr;62;RILQQLLFI;254.94
vpr;41;GLGQHIYET;365.96
vpr;68;LFIHFQNWV;789.64
vpr;59;AIIRILQQL;796.95
vpr;38;WLHGLGQHI;929.89
vpr;22;LLEELKNEA;1021.95
vpr;67;LLFIHFQNW;1838.36
vpr;69;FIHFQNWVS;3107.63
vpr;63;ILQQLLFIH;3172.71
vpr;34;FPRIWLHGL;3519.09
vpr;49;TYGDTWAGV;4163.23
vpr;52;DTWAGVEAI;4512.63
vpr;66;QLLFIHFQN;4802.09
vpr;55;AGVEAIIRI;4824.25
vpr;60;IIRILQQLL;6031.56
vpr;56;GVEAIIRIL;9171.28
vpr;64;LQQLLFIHF;11026.30
vpr;65;QQLLFIHFQ;13565.32
vpr;53;TWAGVEAII;14106.85
vpr;47;YETYGDTWA;15150.61
vpr;45;HIYETYGDT;23303.97
vpr;12;REPHNEWTL;23573.82
vpr;43;GQHIYETYG;32993.62
vpr;14;PHNEWTLEL;34868.24
vpr;36;RIWLHGLGQ;38586.02
vpr;29;EAVRHFPRI;54882.01
vpr;48;ETYGDTWAG;56549.66
vpr;23;LEELKNEAV;81739.13
vpr;15;HNEWTLELL;83643.08
vpr;51;GDTWAGVEA;91291.43
vpr;70;IHFQNWVST;97147.14
vpr;32;RHFPRIWLH;142701.98
vpr;19;TLELLEELK;147038.14
vpr;21;ELLEELKNE;150463.10
vpr;31;VRHFPRIWL;234655.10
vpr;26;LKNEAVRHF;262077.66
vpr;30;AVRHFPRIW;286701.52
vpr;37;IWLHGLGQH;351908.70
vpr;61;IRILQQLLF;396670.59
vpr;50;YGDTWAGVE;453346.22
vpr;33;HFPRIWLHG;533863.22
vpr;54;WAGVEAIIR;557737.70
vpr;46;IYETYGDTW;673643.31
vpr;28;NEAVRHFPR;721821.81
vpr;16;NEWTLELLE;804322.10
vpr;3;QAPEDQGPQ;853945.20
vpr;40;HGLGQHIYE;857886.83
vpr;2;EQAPEDQGP;964783.79
vpr;44;QHIYETYGD;1085000.65
vpr;42;LGQHIYETY;1325653.43
vpr;27;KNEAVRHFP;1375403.10
vpr;57;VEAIIRILQ;1381751.68
vpr;25;ELKNEAVRH;1612241.14
vpr;58;EAIIRILQQ;1911745.16
vpr;20;LELLEELKN;2076968.93
vpr;11;QREPHNEWT;2205108.69
vpr;10;PQREPHNEW;2298423.22
vpr;1;MEQAPEDQG;2737978.29
vpr;39;LHGLGQHIY;3314591.41
vpr;4;APEDQGPQR;3519086.97
vpr;7;DQGPQREPH;5217110.08
vpr;17;EWTLELLEE;5826798.50
vpr;8;QGPQREPHN;8364307.68
vpr;24;EELKNEAVR;10314068.23
vpr;9;GPQREPHNE;11361351.60
vpr;35;PRIWLHGLG;12514975.39
vpr;6;EDQGPQREP;42602001.17
vpr;13;EPHNEWTLE;45230355.37
vpr;5;PEDQGPQRE;46390601.11
tat;34;CQVCFITKA;1593.79
tat;59;HQNSQTHQA;5773.38
tat;7;RLEPWKHPG;5907.86
tat;31;CFHCQVCFI;6628.72
tat;28;KKCCFHCQV;7541.02
tat;19;KTACTNCYC;8061.76
tat;37;CFITKALGI;10102.53
tat;41;KALGISYGR;10825.05
tat;35;QVCFITKAL;11440.10
tat;38;FITKALGIS;16882.24
tat;68;SLSKQPTSQ;19338.82
tat;32;FHCQVCFIT;19472.87
tat;61;NSQTHQASL;25085.92
tat;71;KQPTSQPRG;57601.00
tat;26;YCKKCCFHC;65830.93
tat;67;ASLSKQPTS;73018.01
tat;62;SQTHQASLS;83835.89
tat;15;GSQPKTACT;100561.10
tat;75;SQPRGDPTG;110263.05
tat;42;ALGISYGRK;113352.21
tat;3;PVDPRLEPW;124002.37
tat;22;CTNCYCKKC;151855.32
tat;30;CCFHCQVCF;151855.32
tat;16;SQPKTACTN;180896.43
tat;65;HQASLSKQP;201108.30
tat;20;TACTNCYCK;213515.79
tat;40;TKALGISYG;221019.20
tat;66;QASLSKQPT;308624.22
tat;74;TSQPRGDPT;372760.60
tat;12;KHPGSQPKT;375344.45
tat;39;ITKALGISY;427986.43
tat;8;LEPWKHPGS;514552.86
tat;29;KCCFHCQVC;541290.00
tat;36;VCFITKALG;592147.64
tat;56;RRAHQNSQT;673643.31
tat;13;HPGSQPKTA;686167.27
tat;63;QTHQASLSK;725153.59
tat;70;SKQPTSQPR;892133.81
tat;33;HCQVCFITK;902464.24
tat;24;NCYCKKCCF;934178.78
tat;11;WKHPGSQPK;989532.36
tat;44;GISYGRKKR;1005610.96
tat;25;CYCKKCCFH;1087501.84
tat;53;RQRRRAHQN;1154595.87
tat;43;LGISYGRKK;1375403.10
tat;21;ACTNCYCKK;1771862.43
tat;4;VDPRLEPWK;1868228.53
tat;57;RAHQNSQTH;2110716.96
tat;45;ISYGRKKRR;2520170.94
tat;27;CKKCCFHCQ;2920317.02
tat;78;RGDPTGPKE;3438982.77
tat;1;MEPVDPRLE;4003409.36
tat;50;KKRRQRRRA;4279864.31
tat;69;LSKQPTSQP;5193139.63
tat;58;AHQNSQTHQ;5564549.37
tat;76;QPRGDPTGP;5760099.69
tat;60;QNSQTHQAS;6200546.95
tat;17;QPKTACTNC;6552846.58
tat;64;THQASLSKQ;6767527.04
tat;23;TNCYCKKCC;7663550.08
tat;9;EPWKHPGSQ;8962517.16
tat;18;PKTACTNCY;10196004.07
tat;2;EPVDPRLEP;10701138.87
tat;47;YGRKKRRQR;15610973.99
tat;55;RRRAHQNSQ;18131344.10
tat;72;QPTSQPRGD;18383576.22
tat;6;PRLEPWKHP;26633607.79
tat;14;PGSQPKTAC;27569570.48
tat;46;SYGRKKRRQ;31004876.09
tat;77;PRGDPTGPK;40404524.49
tat;52;RRQRRRAHQ;41440978.37
tat;5;DPRLEPWKH;67831278.06
tat;49;RKKRRQRRR;68301462.02
tat;73;PTSQPRGDP;69731659.37
tat;54;QRRRAHQNS;76283392.70
tat;10;PWKHPGSQP;116259914.71
tat;48;GRKKRRQRR;182991113.57
tat;51;KRRQRRRAH;230372163.01
rev;63;YLGRSAEPV;53.39
rev;102;ILVESPTVL;100.33
rev;17;RLIKLLYQS;420.17
rev;101;QILVESPTV;618.63
rev;21;LLYQSNPPP;1029.03
rev;73;LQLPPLERL;1186.94
rev;96;GVGSPQILV;1450.21
rev;20;KLLYQSNPP;1876.85
rev;54;SISERILGT;1960.79
rev;11;ELIRTVRLI;2927.05
rev;59;ILGTYLGRS;3158.13
rev;94;TQGVGSPQI;6101.41
rev;51;QIHSISERI;6830.15
rev;14;RTVRLIKLL;7628.34
rev;70;PVPLQLPPL;8345.07
rev;74;QLPPLERLT;10603.03
rev;67;SAEPVPLQL;12258.29
rev;4;RSGDSDEEL;13534.12
rev;8;SDEELIRTV;16843.41
rev;81;LTLDCNEDC;17196.10
rev;23;YQSNPPPNP;17315.30
rev;50;RQIHSISER;17475.52
rev;58;RILGTYLGR;18341.30
rev;89;CGTSGTQGV;20961.87
rev;82;TLDCNEDCG;21949.77
rev;80;RLTLDCNED;22409.39
rev;5;SGDSDEELI;32993.62
rev;65;GRSAEPVPL;33145.91
rev;13;IRTVRLIKL;69411.27
rev;100;PQILVESPT;71355.92
rev;98;GSPQILVES;89831.78
rev;56;SERILGTYL;95374.00
rev;66;RSAEPVPLQ;114664.77
rev;95;QGVGSPQIL;114664.77
rev;7;DSDEELIRT;117877.25
rev;104;VESPTVLES;119517.09
rev;44;RWRERQRQI;142046.32
rev;72;PLQLPPLER;170777.24
rev;22;LYQSNPPPN;175966.50
rev;86;NEDCGTSGT;178825.73
rev;62;TYLGRSAEP;184259.55
rev;75;LPPLERLTL;194280.85
rev;10;EELIRTVRL;201571.90
rev;60;LGTYLGRSA;216486.09
rev;108;TVLESGTKE;226167.40
rev;19;IKLLYQSNP;247417.26
rev;77;PLERLTLDC;290689.94
rev;52;IHSISERIL;377076.96
rev;93;GTQGVGSPQ;388534.87
rev;18;LIKLLYQSN;401263.82
rev;16;VRLIKLLYQ;425040.19
rev;83;LDCNEDCGT;440991.28
rev;53;HSISERILG;455438.77
rev;103;LVESPTVLE;469277.79
rev;48;RQRQIHSIS;488011.44
rev;35;RQARRNRRR;495940.98
rev;71;VPLQLPPLE;495940.98
rev;47;ERQRQIHSI;502840.21
rev;90;GTSGTQGVG;536327.42
rev;12;LIRTVRLIK;551353.33
rev;106;SPTVLESGT;757582.62
rev;99;SPQILVESP;824954.51
rev;26;NPPPNPEGT;861846.65
rev;15;TVRLIKLLY;877869.58
rev;61;GTYLGRSAE;919242.30
rev;25;SNPPPNPEG;921361.37
rev;97;VGSPQILVE;1005610.96
rev;29;PNPEGTRQA;1036167.58
rev;91;TSGTQGVGS;1242882.29
rev;57;ERILGTYLG;1295477.87
rev;1;MAGRSGDSD;1443543.91
rev;92;SGTQGVGSP;1477168.37
rev;6;GDSDEELIR;1529079.27
rev;105;ESPTVLESG;1668898.79
rev;68;AEPVPLQLP;1889861.60
rev;76;PPLERLTLD;1938340.19
rev;55;ISERILGTY;1992645.30
rev;85;CNEDCGTSG;2091365.79
rev;69;EPVPLQLPP;2205108.69
rev;64;LGRSAEPVP;2744289.98
rev;24;QSNPPPNPE;3114798.81
rev;46;RERQRQIHS;3543480.12
rev;84;DCNEDCGTS;4230873.11
rev;3;GRSGDSDEE;5450420.38
rev;78;LERLTLDCN;6073373.64
rev;49;QRQIHSISE;9363322.89
rev;107;PTVLESGTK;11231299.28
rev;33;GTRQARRNR;13104788.01
rev;43;RRWRERQRQ;15255624.83
rev;79;ERLTLDCNE;29814669.53
rev;88;DCGTSGTQG;31147988.09
rev;34;TRQARRNRR;34153089.80
rev;31;PEGTRQARR;34153089.80
rev;2;AGRSGDSDE;37361990.01
rev;38;RRNRRRRWR;39942017.72
rev;30;NPEGTRQAR;42504019.29
rev;39;RNRRRRWRE;43896510.71
rev;36;QARRNRRRR;53386321.81
rev;42;RRRWRERQR;54378847.63
rev;87;EDCGTSGTQ;57600996.92
rev;41;RRRRWRERQ;66746730.93
rev;37;ARRNRRRRW;72016166.55
rev;40;NRRRRWRER;89831778.92
rev;28;PPNPEGTRQ;90454463.06
rev;9;DEELIRTVR;110009451.67
rev;32;EGTRQARRN;158646319.07
rev;27;PPPNPEGTR;164221494.46
rev;45;WRERQRQIH;215988187.49
vpu;17;IIAIVVWSI;86.58
vpu;13;VVAIIIAIV;224.61
vpu;11;ALVVAIIIA;257.89
vpu;12;LVVAIIIAI;268.18
vpu;63;ALVEMGVEM;353.53
vpu;8;AIVALVVAI;385.86
vpu;6;IVAIVALVV;407.78
vpu;41;RLIDRLIER;500.53
vpu;19;AIVVWSIVI;524.12
vpu;20;IVVWSIVII;690.92
vpu;9;IVALVVAII;759.33
vpu;14;VAIIIAIVV;798.79
vpu;38;KIDRLIDRL;892.13
vpu;5;PIVAIVALV;898.32
vpu;16;IIIAIVVWS;1365.93
vpu;1;MQPIPIVAI;1539.68
vpu;18;IAIVVWSIV;1564.70
vpu;26;VIIEYRKIL;1597.46
vpu;42;LIDRLIERA;1767.79
vpu;61;ISALVEMGV;2115.58
vpu;57;SEGEISALV;2645.03
vpu;10;VALVVAIII;2886.89
vpu;7;VAIVALVVA;4163.23
vpu;71;MGHHAPWDV;4471.26
vpu;2;QPIPIVAIV;4554.39
vpu;45;RLIERAEDS;6845.89
vpu;4;IPIVAIVAL;6909.24
vpu;15;AIIIAIVVW;7386.35
vpu;21;VVWSIVIIE;8778.70
vpu;25;IVIIEYRKI;9603.51
vpu;67;MGVEMGHHA;11000.95
vpu;59;GEISALVEM;14636.26
vpu;74;HAPWDVDDL;19161.52
vpu;3;PIPIVAIVA;28670.15
vpu;35;RQRKIDRLI;29609.43
vpu;55;NESEGEISA;33069.68
vpu;24;SIVIIEYRK;40591.02
vpu;23;WSIVIIEYR;40966.61
vpu;53;SGNESEGEI;50516.12
vpu;69;VEMGHHAPW;51573.90
vpu;22;VWSIVIIEY;53141.03
vpu;70;EMGHHAPWD;84029.16
vpu;64;LVEMGVEMG;115459.59
vpu;34;LRQRKIDRL;144687.16
vpu;60;EISALVEMG;158281.44
vpu;31;RKILRQRKI;202969.13
vpu;37;RKIDRLIDR;214008.00
vpu;27;IIEYRKILR;228260.10
vpu;33;ILRQRKIDR;233576.96
vpu;65;VEMGVEMGH;240120.92
vpu;68;GVEMGHHAP;246848.22
vpu;56;ESEGEISAL;271913.02
vpu;49;RAEDSGNES;378817.47
vpu;39;IDRLIDRLI;386749.71
vpu;46;LIERAEDSG;456488.67
vpu;28;IEYRKILRQ;713559.18
vpu;66;EMGVEMGHH;991813.46
vpu;32;KILRQRKID;1019600.41
vpu;62;SALVEMGVE;1228655.13
vpu;50;AEDSGNESE;1780040.98
vpu;73;HHAPWDVDD;2947338.38
vpu;47;IERAEDSGN;10875018.39
vpu;51;EDSGNESEG;11153983.56
vpu;54;GNESEGEIS;18383576.22
vpu;72;GHHAPWDVD;20817568.39
vpu;30;YRKILRQRK;22512825.24
vpu;29;EYRKILRQR;24178535.95
vpu;52;DSGNESEGE;30649966.21
vpu;43;IDRLIERAE;39575827.10
vpu;48;ERAEDSGNE;40872386.83
vpu;44;DRLIERAED;46390601.11
vpu;40;DRLIDRLIE;92136137.09
vpu;58;EGEISALVE;127183273.83
vpu;36;QRKIDRLID;174755156.77
env;678;WLWYIKLFI;33.15
env;192;KLTSCNTSV;39.21
env;814;LLNATAIAV;48.47
env;770;RLRDLLLIV;62.15
env;565;LLQLTVWGI;63.89
env;685;FIMIVGGLV;68.93
env;674;NITNWLWYI;80.99
env;517;ALFLGFLGA;83.64
env;103;QMHEDIISL;84.22
env;755;LIWDDLRSL;84.81
env;799;LLQYWSQEL;87.99
env;121;KLTPLCVSL;90.45
env;774;LLLIVTRIV;91.92
env;33;KLWVTVYYG;94.28
env;697;IVFAVLSIV;100.56
env;575;QLQARILAV;118.42
env;668;SLWNWFNIT;126.60
env;19;TMLLGMLMI;148.74
env;747;RLVNGSLAL;159.01
env;687;MIVGGLVGL;161.97
env;681;YIKLFIMIV;165.74
env;700;AVLSIVNRV;188.99
env;813;SLLNATAIA;193.39
env;264;SLAEEEVVI;222.04
env;20;MLLGMLMIC;243.46
env;821;AVAEGTDRV;290.02
env;284;IIVQLNTSV;307.91
env;529;TMGAASMTL;344.69
env;792;ALKYWWNLL;411.56
env;776;LIVTRIVEL;413.46
env;36;VTVYYGVPV;421.14
env;828;RVIEVVQGA;494.80
env;67;NVWATHACV;512.19
env;784;LLGRRGWEA;553.90
env;522;FLGAAGSTM;559.02
env;34;LWVTVYYGV;560.31
env;693;VGLRIVFAV;568.11
env;752;SLALIWDDL;568.11
env;286;VQLNTSVEI;572.04
env;23;GMLMICSAT;596.25
env;9;HLWRWGWRW;599.00
env;579;RILAVERYL;635.96
env;93;FNMWKNDMV;661.35
env;594;GIWGCSGKL;664.40
env;748;LVNGSLALI;672.09
env;696;RIVFAVLSI;702.15
env;207;KVSFEPIPI;716.85
env;683;KLFIMIVGG;720.16
env;382;FFYCNSTQL;731.86
env;773;DLLLIVTRI;733.55
env;110;SLWDQSLKP;786.01
env;200;VITQACPKV;804.32
env;425;NMWQKVGKA;806.18
env;694;GLRIVFAVL;821.16
env;621;QIWNHTTWM;834.51
env;389;QLFNSTWFN;925.61
env;531;GAASMTLTV;938.49
env;171;KEYAFFYKL;1017.26
env;108;IISLWDQSL;1021.95
env;173;YAFFYKLDI;1082.51
env;24;MLMICSATE;1123.13
env;146;RMIMEKGEI;1123.13
env;26;MICSATEKL;1211.80
env;422;QIINMWQKV;1211.80
env;795;YWWNLLQYW;1331.77
env;667;ASLWNWFNI;1353.41
env;627;TWMEWDREI;1470.38
env;258;QLLLNGSLA;1525.56
env;512;AVGIGALFL;1539.68
env;825;GTDRVIEVV;1557.51
env;638;YTSLIHSLI;1604.83
env;601;KLICTTAVP;1608.53
env;21;LLGMLMICS;1642.21
env;777;IVTRIVELL;1751.58
env;243;STVQCTHGI;1788.26
env;692;LVGLRIVFA;1838.36
env;217;YCAPAGFAI;2053.19
env;564;HLLQLTVWG;2053.19
env;754;ALIWDDLRS;2076.97
env;433;AMYAPPISG;2086.56
env;415;TLPCRIKQI;2135.16
env;680;WYIKLFIMI;2145.01
env;762;SLCLFSYHR;2159.88
env;574;KQLQARILA;2215.29
env;60;AYDTEVHNV;2351.96
env;659;ELLELDKWA;2379.19
env;519;FLGFLGAAG;2406.74
env;533;ASMTLTVQA;2457.14
env;441;GQIRCSSNI;2508.59
env;176;FYKLDIIPI;2537.64
env;586;YLKDQQLLG;2543.49
env;277;FTDNAKTII;2561.12
env;640;SLIHSLIEE;2567.02
env;562;QQHLLQLTV;2620.78
env;558;AIEAQQHLL;2801.75
env;213;IPIHYCAPA;2873.62
env;25;LMICSATEK;2893.54
env;679;LWYIKLFIM;2900.21
env;671;NWFNITNWL;2940.56
env;811;AVSLLNATA;2947.34
env;557;RAIEAQQHL;3036.90
env;684;LFIMIVGGL;3050.91
env;22;LGMLMICSA;3050.91
env;600;GKLICTTAV;3114.80
env;604;CTTAVPWNA;3129.18
env;518;LFLGFLGAA;3150.87
env;431;GKAMYAPPI;3239.14
env;791;EALKYWWNL;3269.11
env;18;GTMLLGMLM;3306.97
env;257;TQLLLNGSL;3415.31
env;661;LELDKWASL;3519.09
env;85;VLVNVTENF;3576.27
env;30;ATEKLWVTV;3693.43
env;590;QQLLGIWGC;3744.81
env;548;IVQQQNNLL;3823.23
env;7;YQHLWRWGW;3994.20
env;486;YKVVKIEPL;4068.46
env;568;LTVWGIKQL;4087.24
env;157;CSFNISTSI;4096.66
env;634;EINNYTSLI;4134.57
env;193;LTSCNTSVI;4230.87
env;435;YAPPISGQI;4289.73
env;270;VVIRSVNFT;4607.13
env;524;GAAGSTMGA;4628.39
env;341;TLKQIASKL;4671.22
env;259;LLLNGSLAE;4824.25
env;766;FSYHRLRDL;5110.11
env;174;AFFYKLDII;5314.10
env;13;WGWRWGTML;5314.10
env;536;TLTVQARQL;5350.94
env;764;CLFSYHRLR;5412.90
env;488;VVKIEPLGV;5437.88
env;29;SATEKLWVT;5538.98
env;260;LLNGSLAEE;5590.23
env;676;TNWLWYIKL;5603.12
env;515;IGALFLGFL;5628.98
env;224;AILKCNNKT;5707.29
env;247;CTHGIRPVV;5800.03
env;551;QQNNLLRAI;5867.19
env;804;SQELKNSAV;5935.13
env;592;LLGIWGCSG;5948.81
env;115;SLKPCVKLT;6017.69
env;543;QLLSGIVQQ;6031.56
env;832;VVQGACRAI;6157.86
env;394;TWFNSTWST;6172.06
env;686;IMIVGGLVG;6567.95
env;550;QQQNNLLRA;6613.48
env;637;NYTSLIHSL;6751.96
env;717;FQTHLPTPR;6893.34
env;691;GLVGLRIVF;6941.13
env;547;GIVQQQNNL;6957.13
env;178;KLDIIPIDN;7201.62
env;218;CAPAGFAIL;7251.54
env;618;SLEQIWNHT;7268.25
env;591;QLLGIWGCS;7335.50
env;561;AQQHLLQLT;7541.02
env;528;STMGAASMT;7558.40
env;713;SPLSFQTHL;7558.40
env;707;RVRQGYSPL;7752.29
env;169;VQKEYAFFY;7824.02
env;846;RIRQGLERI;8383.59
env;119;CVKLTPLCV;8539.45
env;544;LLSGIVQQQ;8539.45
env;51;TLFCASDAK;8559.14
env;14;GWRWGTMLL;8578.87
env;37;TVYYGVPVW;8658.25
env;325;NMRQAHCNI;8738.36
env;848;RQGLERILL;9171.28
env;315;RAFVTIGKI;9213.61
env;641;LIHSLIEES;9406.54
env;580;ILAVERYLK;9428.23
env;585;RYLKDQQLL;9493.58
env;812;VSLLNATAI;9537.40
env;28;CSATEKLWV;9559.39
env;263;GSLAEEEVV;9692.37
env;480;RSELYKYKV;9759.55
env;806;ELKNSAVSL;10172.55
env;660;LLELDKWAS;10219.51
env;393;STWFNSTWS;10243.07
env;391;FNSTWFNST;10266.68
env;364;SSGGDPEIV;10314.07
env;644;SLIEESQNQ;10578.64
env;514;GIGALFLGF;10651.97
env;763;LCLFSYHRL;10750.53
env;76;PTDPNPQEV;10800.16
env;282;KTIIVQLNT;10975.64
env;602;LICTTAVPW;11361.35
env;318;VTIGKIGNM;11440.10
env;662;ELDKWASLW;11519.40
env;50;TTLFCASDA;11733.57
env;126;CVSLKCTDL;11924.22
env;745;SIRLVNGSL;12034.55
env;421;KQIINMWQK;12090.10
env;807;LKNSAVSLL;12117.97
env;2;RVKEKYQHL;12201.97
env;666;WASLWNWFN;12258.29
env;690;GGLVGLRIV;12286.55
env;444;RCSSNITGL;12400.24
env;117;KPCVKLTPL;12777.03
env;231;KTFNGTGPC;13044.58
env;153;EIKNCSFNI;13044.58
env;587;LKDQQLLGI;13074.65
env;432;KAMYAPPIS;13165.28
env;11;WRWGWRWGT;13195.63
env;40;YGVPVWKEA;14074.40
env;44;VWKEATTTL;14106.85
env;327;RQAHCNISR;14270.20
env;177;YKLDIIPID;14535.50
env;81;PQEVVLVNV;14602.59
env;112;WDQSLKPCV;14737.71
env;147;MIMEKGEIK;14737.71
env;253;PVVSTQLLL;14737.71
env;363;QSSGGDPEI;14805.74
env;572;GIKQLQARI;14874.08
env;429;KVGKAMYAP;15081.00
env;388;TQLFNSTWF;15503.51
env;824;EGTDRVIEV;15646.96
env;16;RWGTMLLGM;15755.42
env;237;GPCTNVSTV;16011.43
env;493;PLGVAPTKA;16085.33
env;475;MRDNWRSEL;16234.17
env;633;REINNYTSL;16271.59
env;839;AIRHIPRRI;16309.10
env;278;TDNAKTIIV;16422.15
env;810;SAVSLLNAT;16882.24
env;798;NLLQYWSQE;16960.16
env;412;DTITLPCRI;16960.16
env;534;SMTLTVQAR;17235.74
env;308;RIQRGPGRA;17275.48
env;537;LTVQARQLL;17395.22
env;445;CSSNITGLL;17882.57
env;815;LNATAIAVA;17923.80
env;505;VVQREKRAV;18257.02
env;614;WSNKSLEQI;18383.58
env;359;IIFKQSSGG;18511.01
env;530;MGAASMTLT;18682.29
env;181;IIPIDNDTT;19029.61
env;273;RSVNFTDNA;19161.52
env;94;NMWKNDMVE;19428.09
env;711;GYSPLSFQT;19472.87
env;99;DMVEQMHED;19607.85
env;554;NLLRAIEAQ;19972.39
env;69;WATHACVPT;20531.94
env;334;SRAKWNNTL;21107.17
env;246;QCTHGIRPV;21204.60
env;617;KSLEQIWNH;22306.43
env;175;FFYKLDIIP;22461.05
env;803;WSQELKNSA;22721.13
env;84;VVLVNVTEN;23143.55
env;168;KVQKEYAFF;23628.17
env;487;KVVKIEPLG;23682.63
env;715;LSFQTHLPT;23846.79
env;280;NAKTIIVQL;24067.45
env;809;NSAVSLLNA;24234.27
env;539;VQARQLLSG;24458.51
env;47;EATTTLFCA;24571.41
env;513;VGIGALFLG;24628.05
env;769;HRLRDLLLI;25028.22
env;701;VLSIVNRVR;25201.71
env;446;SSNITGLLL;25376.40
env;337;KWNNTLKQI;26087.35
env;283;TIIVQLNTS;26268.18
env;780;RIVELLGRR;26695.00
env;452;LLLTRDGGN;26942.01
env;408;TEGSDTITL;26942.01
env;447;SNITGLLLT;27191.30
env;794;KYWWNLLQY;27379.78
env;516;GALFLGFLG;27824.67
env;525;AAGSTMGAA;28146.86
env;380;GEFFYCNST;28935.43
env;451;GLLLTRDGG;28935.43
env;817;ATAIAVAEG;29337.97
env;800;LQYWSQELK;29609.43
env;52;LFCASDAKA;30509.14
env;611;NASWSNKSL;30579.47
env;835;GACRAIRHI;30720.62
env;351;EQFGNNKTI;30720.62
env;788;RGWEALKYW;30791.44
env;328;QAHCNISRA;31076.35
env;57;DAKAYDTEV;31219.79
env;699;FAVLSIVNR;31363.90
env;17;WGTMLLGML;31436.20
env;254;VVSTQLLLN;31581.30
env;665;KWASLWNWF;31581.30
env;114;QSLKPCVKL;31654.10
env;759;DLRSLCLFS;32094.45
env;675;ITNWLWYIK;32168.44
env;677;NWLWYIKLF;32466.09
env;818;TAIAVAEGT;32615.95
env;96;WKNDMVEQM;32766.50
env;709;RQGYSPLSF;33298.91
env;410;GSDTITLPC;33375.67
env;396;FNSTWSTEG;33607.02
env;199;SVITQACPK;33839.97
env;606;TAVPWNASW;33917.98
env;714;PLSFQTHLP;33996.17
env;796;WWNLLQYWS;34074.54
env;100;MVEQMHEDI;34469.10
env;757;WDDLRSLCL;34628.21
env;775;LLIVTRIVE;34788.04
env;489;VKIEPLGVA;34868.24
env;607;AVPWNASWS;35029.18
env;481;SELYKYKVV;35680.42
env;448;NITGLLLTR;37190.33
env;725;RGPDRPEGI;37276.06
env;428;QKVGKAMYA;37620.97
env;672;WFNITNWLW;37707.70
env;510;KRAVGIGAL;37881.75
env;161;ISTSIRGKV;38497.28
env;210;FEPIPIHYC;39032.83
env;287;QLNTSVEIN;39667.06
env;383;FYCNSTQLF;41061.05
env;48;ATTTLFCAS;41345.67
env;348;KLREQFGNN;41728.23
env;271;VIRSVNFTD;42798.64
env;652;QQEKNEQEL;43294.23
env;540;QARQLLSGI;44609.77
env;155;KNCSFNIST;45126.33
env;390;LFNSTWFNS;45648.87
env;535;MTLTVQARQ;46927.78
env;41;GVPVWKEAT;47035.96
env;560;EAQQHLLQL;47144.39
env;655;KNEQELLEL;47910.42
env;317;FVTIGKIGN;48131.57
env;55;ASDAKAYDT;48688.90
env;262;NGSLAEEEV;49139.42
env;527;GSTMGAASM;49708.42
env;376;FNCGGEFFY;50168.37
env;370;EIVTHSFNC;50632.57
env;225;ILKCNNKTF;51101.07
env;831;EVVQGACRA;51692.79
env;252;RPVVSTQLL;51811.96
env;65;VHNVWATHA;51931.40
env;148;IMEKGEIKN;52411.91
env;70;ATHACVPTD;53018.81
env;63;TEVHNVWAT;53263.54
env;570;VWGIKQLQA;53509.39
env;59;KAYDTEVHN;53509.39
env;87;VNVTENFNM;54129.00
env;188;TTSYKLTSC;54253.78
env;482;ELYKYKVVK;54253.78
env;491;IEPLGVAPT;54378.85
env;567;QLTVWGIKQ;54504.20
env;88;NVTENFNMW;54629.85
env;358;TIIFKQSSG;55008.53
env;555;LLRAIEAQQ;55902.34
env;688;IVGGLVGLR;56810.68
env;43;PVWKEATTT;57336.34
env;576;LQARILAVE;57468.52
env;619;LEQIWNHTT;57468.52
env;553;NNLLRAIEA;57866.87
env;234;NGTGPCTNV;59214.76
env;191;YKLTSCNTS;59488.09
env;196;CNTSVITQA;59625.22
env;608;VPWNASWSN;59900.44
env;400;WSTEGSNNT;60594.05
env;483;LYKYKVVKI;60733.74
env;756;IWDDLRSLC;60733.74
env;423;IINMWQKVG;61862.86
env;751;GSLALIWDD;61862.86
env;159;FNISTSIRG;62868.05
env;372;VTHSFNCGG;62868.05
env;256;STQLLLNGS;63303.83
env;740;RDRDRSIRL;64184.48
env;310;QRGPGRAFV;65377.75
env;595;IWGCSGKLI;65528.47
env;353;FGNNKTIIF;65982.69
env;753;LALIWDDLR;66134.79
env;669;LWNWFNITN;66593.22
env;761;RSLCLFSYH;66900.60
env;357;KTIIFKQSS;67054.82
env;46;KEATTTLFC;67987.65
env;670;WNWFNITNW;68144.37
env;793;LKYWWNLLQ;68774.91
env;838;RAIRHIPRR;70053.53
env;453;LLTRDGGNS;70215.02
env;38;VYYGVPVWK;70376.88
env;598;CSGKLICTT;70864.71
env;276;NFTDNAKTI;72682.52
env;538;TVQARQLLS;73186.34
env;511;RAVGIGALF;73863.52
env;124;PLCVSLKCT;74546.97
env;371;IVTHSFNCG;76812.16
env;312;GPGRAFVTI;77344.60
env;549;VQQQNNLLR;77522.90
env;251;IRPVVSTQL;77701.61
env;406;NNTEGSDTI;78601.35
env;473;GDMRDNWRS;78601.35
env;419;RIKQIINMW;79146.19
env;682;IKLFIMIVG;79511.51
env;521;GFLGAAGST;79878.52
env;771;LRDLLLIVT;79878.52
env;673;FNITNWLWY;80062.66
env;504;RVVQREKRA;80062.66
env;387;STQLFNSTW;80617.63
env;223;FAILKCNNK;80989.74
env;716;SFQTHLPTP;81739.13
env;321;GKIGNMRQA;82876.23
env;597;GCSGKLICT;83643.08
env;569;TVWGIKQLQ;84611.62
env;211;EPIPIHYCA;85788.68
env;289;NTSVEINCT;86582.48
env;566;LQLTVWGIK;86782.07
env;629;MEWDREINN;87989.33
env;122;LTPLCVSLK;88803.48
env;235;GTGPCTNVS;89419.04
env;418;CRIKQIINM;89831.78
env;15;WRWGTMLLG;90246.42
env;490;KIEPLGVAP;90871.98
env;245;VQCTHGIRP;91081.46
env;768;YHRLRDLLL;91924.23
env;275;VNFTDNAKT;92348.53
env;689;VGGLVGLRI;95154.65
env;459;GNSNNESEI;95154.65
env;202;TQACPKVSF;95814.23
env;208;VSFEPIPIH;98498.59
env;541;ARQLLSGIV;99409.98
env;767;SYHRLRDLL;100792.91
env;340;NTLKQIASK;102430.67
env;128;SLKCTDLKN;104575.51
env;744;RSIRLVNGS;104816.58
env;377;NCGGEFFYC;107258.08
env;139;NTNSSSGRM;108250.52
env;703;SIVNRVRQG;109504.00
env;631;WDREINNYT;110772.00
env;12;RWGWRWGTM;112054.68
env;664;DKWASLWNW;113875.42
env;111;LWDQSLKPC;114401.05
env;426;MWQKVGKAM;114664.77
env;414;ITLPCRIKQ;116796.55
env;185;DNDTTSYKL;118421.35
env;180;DIIPIDNDT;118967.96
env;311;RGPGRAFVT;121179.74
env;109;ISLWDQSLK;121739.08
env;216;HYCAPAGFA;122865.51
env;746;IRLVNGSLA;126890.76
env;628;WMEWDREIN;128064.87
env;35;WVTVYYGVP;129846.43
env;442;QIRCSSNIT;130746.48
env;79;PNPQEVVLV;131956.26
env;520;LGFLGAAGS;132260.45
env;378;CGGEFFYCN;134409.51
env;344;QIASKLREQ;134719.36
env;102;EQMHEDIIS;135029.92
env;215;IHYCAPAGF;135341.19
env;107;DIISLWDQS;136908.37
env;204;ACPKVSFEP;137857.37
env;104;MHEDIISLW;139453.69
env;398;STWSTEGSN;139775.16
env;197;NTSVITQAC;142046.32
env;89;VTENFNMWK;142373.77
env;101;VEQMHEDII;143030.94
env;384;YCNSTQLFN;143360.66
env;127;VSLKCTDLK;144354.39
env;760;LRSLCLFSY;145355.01
env;375;SFNCGGEFF;145355.01
env;77;TDPNPQEVV;146362.56
env;822;VAEGTDRVI;149083.64
env;542;RQLLSGIVQ;151506.06
env;201;ITQACPKVS;153260.42
env;362;KQSSGGDPE;157191.84
env;708;VRQGYSPLS;159012.04
env;182;IPIDNDTTS;159378.60
env;367;GDPEIVTHS;159746.00
env;141;NSSSGRMIM;160114.26
env;62;DTEVHNVWA;160114.26
env;352;QFGNNKTII;160853.31
env;68;VWATHACVP;161224.11
env;833;VQGACRAIR;161595.77
env;343;KQIASKLRE;163466.97
env;239;CTNVSTVQC;163843.80
env;290;TSVEINCTR;166123.09
env;599;SGKLICTTA;166506.04
env;232;TFNGTGPCT;168046.70
env;86;LVNVTENFN;170384.47
env;449;ITGLLLTRD;170777.24
env;61;YDTEVHNVW;172754.75
env;802;YWSQELKNS;173152.99
env;785;LGRRGWEAL;178004.10
env;620;EQIWNHTTW;179651.15
env;698;VFAVLSIVN;182150.35
env;386;NSTQLFNST;183835.76
env;622;IWNHTTWME;184259.55
env;250;GIRPVVSTQ;185536.77
env;636;NNYTSLIHS;187253.52
env;160;NISTSIRGK;192499.67
env;74;CVPTDPNPQ;193834.02
env;194;TSCNTSVIT;195177.61
env;495;GVAPTKAKR;197892.80
env;772;RDLLLIVTR;198348.99
env;789;GWEALKYWW;202502.32
env;829;VIEVVQGAC;203906.00
env;227;KCNNKTFNG;203906.00
env;610;WNASWSNKS;204847.18
env;54;CASDAKAYD;205319.41
env;695;LRIVFAVLS;206742.61
env;249;HGIRPVVST;209136.58
env;374;HSFNCGGEF;211071.70
env;332;NISRAKWNN;216985.14
env;625;HTTWMEWDR;217485.35
env;92;NFNMWKNDM;218489.21
env;385;CNSTQLFNS;218489.21
env;255;VSTQLLLNG;219497.71
env;266;AEEEVVIRS;222039.38
env;214;PIHYCAPAG;224093.88
env;573;IKQLQARIL;225647.23
env;219;APAGFAILK;225647.23
env;790;WEALKYWWN;226688.77
env;123;TPLCVSLKC;227735.11
env;42;VPVWKEATT;227735.11
env;523;LGAAGSTMG;230372.16
env;434;MYAPPISGQ;233039.75
env;241;NVSTVQCTH;233576.96
env;236;TGPCTNVST;236826.34
env;120;VKLTPLCVS;240120.92
env;184;IDNDTTSYK;246280.48
env;497;APTKAKRRV;247417.26
env;183;PIDNDTTSY;248559.29
env;847;IRQGLERIL;249132.28
env;39;YYGVPVWKE;250859.18
env;265;LAEEEVVIR;252598.05
env;49;TTTLFCASD;253180.35
env;392;NSTWFNSTW;253180.35
env;593;LGIWGCSGK;253763.99
env;134;LKNDTNTNS;253763.99
env;532;AASMTLTVQ;254935.31
env;741;DRDRSIRLV;257294.20
env;365;SGGDPEIVT;259077.68
env;581;LAVERYLKD;263894.29
env;205;CPKVSFEPI;268182.23
env;645;LIEESQNQQ;276968.26
env;143;SSGRMIMEK;277606.74
env;338;WNNTLKQIA;278888.11
env;416;LPCRIKQII;280175.40
env;66;HNVWATHAC;296776.84
env;274;SVNFTDNAK;310763.50
env;233;FNGTGPCTN;324660.91
env;720;HLPTPRGPD;325409.33
env;605;TTAVPWNAS;326159.48
env;461;SNNESEIFR;326911.35
env;5;EKYQHLWRW;331459.14
env;319;TIGKIGNMR;334526.09
env;819;AIAVAEGTD;336070.20
env;291;SVEINCTRP;336844.92
env;808;KNSAVSLLN;343107.33
env;603;ICTTAVPWN;345485.64
env;797;WNLLQYWSQ;357626.75
env;292;VEINCTRPN;360105.70
env;613;SWSNKSLEQ;364275.53
env;267;EEEVVIRSV;369343.11
env;3;VKEKYQHLW;371047.92
env;463;NESEIFRPG;374481.18
env;209;SFEPIPIHY;375344.45
env;135;KNDTNTNSS;376209.71
env;623;WNHTTWMEW;376209.71
env;778;VTRIVELLG;378817.47
env;626;TTWMEWDRE;384972.76
env;240;TNVSTVQCT;385860.21
env;189;TSYKLTSCN;387641.26
env;506;VQREKRAVG;388534.87
env;712;YSPLSFQTH;393033.89
env;438;PISGQIRCS;401263.82
env;336;AKWNNTLKQ;406845.95
env;345;IASKLREQF;407783.83
env;285;IVQLNTSVE;410610.45
env;95;MWKNDMVEQ;416322.61
env;571;WGIKQLQAR;420174.80
env;842;HIPRRIRQG;426020.01
env;6;KYQHLWRWG;427002.09
env;82;QEVVLVNVT;433940.32
env;347;SKLREQFGN;440991.28
env;407;NTEGSDTIT;445071.72
env;738;GERDRDRSI;445071.72
env;154;IKNCSFNIS;448156.81
env;424;INMWQKVGK;449189.92
env;221;AGFAILKCN;453346.22
env;140;TNSSSGRMI;457540.98
env;167;GKVQKEYAF;457540.98
env;32;EKLWVTVYY;458595.72
env;333;ISRAKWNNT;471443.88
env;704;IVNRVRQGY;473619.96
env;53;FCASDAKAY;474711.77
env;322;KIGNMRQAH;478002.32
env;589;DQQLLGIWG;492526.95
env;354;GNNKTIIFK;498230.14
env;132;TDLKNDTNT;505161.22
env;350;REQFGNNKT;513369.43
env;454;LTRDGGNSN;521711.01
env;288;LNTSVEINC;521711.01
env;323;IGNMRQAHC;525327.34
env;133;DLKNDTNTN;526538.34
env;612;ASWSNKSLE;530188.13
env;130;KCTDLKNDT;531410.34
env;397;NSTWSTEGS;531410.34
env;439;ISGQIRCSS;532635.37
env;732;GIEEEGGER;532635.37
env;228;CNNKTFNGT;538802.99
env;142;SSSGRMIME;562898.38
env;45;WKEATTTLF;574685.18
env;269;EVVIRSVNF;584023.07
env;203;QACPKVSFE;588071.32
env;484;YKYKVVKIE;603156.48
env;651;NQQEKNEQE;607337.36
env;187;DTTSYKLTS;612956.99
env;212;PIPIHYCAP;621484.07
env;843;IPRRIRQGL;624352.71
env;801;QYWSQELKN;628680.51
env;78;DPNPQEVVL;628680.51
env;152;GEIKNCSFN;640368.56
env;242;VSTVQCTHG;650773.71
env;526;AGSTMGAAS;653777.55
env;131;CTDLKNDTN;658309.31
env;783;ELLGRRGWE;662872.50
env;10;LWRWGWRWG;667467.31
env;749;VNGSLALIW;673643.31
env;80;NPQEVVLVN;683014.62
env;326;MRQAHCNIS;684589.13
env;420;IKQIINMWQ;686167.27
env;653;QEKNEQELL;686167.27
env;170;QKEYAFFYK;725153.59
env;195;SCNTSVITQ;735241.48
env;156;NCSFNISTS;742044.58
env;718;QTHLPTPRG;750637.06
env;314;GRAFVTIGK;757582.62
env;158;SFNISTSIR;761079.46
env;190;SYKLTSCNT;766355.01
env;805;QELKNSAVS;771667.13
env;656;NEQELLELD;773446.00
env;443;IRCSSNITG;784205.71
env;750;NGSLALIWD;791461.88
env;409;EGSDTITLP;793286.38
env;166;RGKVQKEYA;795115.10
env;366;GGDPEIVTH;804322.10
env;324;GNMRQAHCN;806176.25
env;596;WGCSGKLIC;808034.68
env;90;TENFNMWKN;819275.56
env;164;SIRGKVQKE;830672.82
env;301;NNTRKRIRI;867820.69
env;73;ACVPTDPNP;877869.58
env;411;SDTITLPCR;879893.28
env;710;QGYSPLSFQ;881921.64
env;563;QHLLQLTVW;881921.64
env;474;DMRDNWRSE;890081.96
env;335;RAKWNNTLK;896251.72
env;816;NATAIAVAE;902464.24
env;116;LKPCVKLTP;910814.63
env;588;KDQQLLGIW;912914.28
env;105;HEDIISLWD;912914.28
env;467;IFRPGGGDM;917128.10
env;198;TSVITQACP;921361.37
env;395;WFNSTWSTE;929886.62
env;244;TVQCTHGIR;951546.46
env;478;NWRSELYKY;964783.79
env;309;IQRGPGRAF;987256.50
env;507;QREKRAVGI;991813.46
env;220;PAGFAILKC;994099.83
env;498;PTKAKRRVV;1000990.60
env;639;TSLIHSLIE;1043349.95
env;427;WQKVGKAMY;1048165.84
env;820;IAVAEGTDR;1070113.89
env;222;GFAILKCNN;1090008.79
env;281;AKTIIVQLN;1097564.37
env;430;VGKAMYAPP;1107720.01
env;758;DDLRSLCLF;1141379.32
env;765;LFSYHRLRD;1176061.41
env;72;HACVPTDPN;1217390.76
env;658;QELLELDKW;1217390.76
env;306;RIRIQRGPG;1220197.13
env;479;WRSELYKYK;1228655.13
env;781;IVELLGRRG;1228655.13
env;64;EVHNVWATH;1245747.43
env;381;EFFYCNSTQ;1271832.74
env;509;EKRAVGIGA;1271832.74
env;577;QARILAVER;1274764.62
env;460;NSNNESEIF;1274764.62
env;151;KGEIKNCSF;1280648.66
env;296;CTRPNNNTR;1292498.36
env;83;EVVLVNVTE;1295477.87
env;402;TEGSNNTEG;1307464.78
env;485;KYKVVKIEP;1313499.77
env;118;PCVKLTPLC;1356531.87
env;293;EINCTRPNN;1369083.70
env;500;KAKRRVVQR;1375403.10
env;779;TRIVELLGR;1381751.68
env;137;DTNTNSSSG;1391329.52
env;465;SEIFRPGGG;1394536.87
env;584;ERYLKDQQL;1420463.24
env;582;AVERYLKDQ;1460259.36
env;468;FRPGGGDMR;1463625.61
env;379;GGEFFYCNS;1470381.40
env;462;NNESEIFRP;1487407.61
env;27;ICSATEKLW;1546785.17
env;113;DQSLKPCVK;1601142.55
env;545;LSGIVQQQN;1608533.09
env;413;TITLPCRIK;1676602.08
env;476;RDNWRSELY;1676602.08
env;71;THACVPTDP;1703844.67
env;437;PPISGQIRC;1755617.90
env;702;LSIVNRVRQ;1796511.49
env;401;STEGSNNTE;1800652.88
env;559;IEAQQHLLQ;1813134.41
env;316;AFVTIGKIG;1825702.46
env;58;AKAYDTEVH;1834129.52
env;226;LKCNNKTFN;1838357.62
env;125;LCVSLKCTD;1855367.74
env;472;GGDMRDNWR;1859644.80
env;578;ARILAVERY;1889861.60
env;782;VELLGRRGW;1929434.32
env;471;GGGDMRDNW;1933882.13
env;663;LDKWASLWN;1988062.35
env;624;NHTTWMEWD;1988062.35
env;307;IRIQRGPGR;2034370.27
env;179;LDIIPIDND;2072192.03
env;305;KRIRIQRGP;2091365.79
env;98;NDMVEQMHE;2120459.59
env;163;TSIRGKVQK;2200037.08
env;719;THLPTPRGP;2309032.26
env;496;VAPTKAKRR;2390176.65
env;136;NDTNTNSSS;2440225.72
env;837;CRAIRHIPR;2491322.79
env;616;NKSLEQIWN;2497065.88
env;643;HSLIEESQN;2531803.52
env;361;FKQSSGGDP;2590776.80
env;186;NDTTSYKLT;2602735.29
env;492;EPLGVAPTK;2608735.21
env;339;NNTLKQIAS;2638942.94
env;8;QHLWRWGWR;2675654.29
env;450;TGLLLTRDG;2750616.22
env;144;SGRMIMEKG;2763312.49
env;97;KNDMVEQMH;2769682.58
env;546;SGIVQQQNN;2782466.86
env;834;QGACRAIRH;2782466.86
env;845;RRIRQGLER;2840730.28
env;440;SGQIRCSSN;2906899.38
env;75;VPTDPNPQE;2913600.48
env;830;IEVVQGACR;2920317.02
env;635;INNYTSLIH;2933796.59
env;261;LNGSLAEEE;2947338.38
env;405;SNNTEGSDT;2960942.68
env;31;TEKLWVTVY;3194699.40
env;355;NNKTIIFKQ;3194699.40
env;149;MEKGEIKNC;3224259.59
env;469;RPGGGDMRD;3246609.09
env;477;DNWRSELYK;3299362.24
env;729;RPEGIEEEG;3329890.86
env;649;SQNQQEKNE;3462820.66
env;129;LKCTDLKND;3684936.43
env;399;TWSTEGSNN;3770769.62
env;1;MRVKEKYQH;3823226.26
env;294;INCTRPNNN;4144097.84
env;342;LKQIASKLR;4172823.35
env;455;TRDGGNSNN;4260200.12
env;106;EDIISLWDQ;4299619.26
env;404;GSNNTEGSD;4329422.80
env;295;NCTRPNNNT;4339403.15
env;706;NRVRQGYSP;4379555.15
env;346;ASKLREQFG;4389651.07
env;138;TNTNSSSGR;4430268.01
env;56;SDAKAYDTE;4543912.92
env;4;KEKYQHLWR;4649754.25
env;786;GRRGWEALK;4681984.81
env;836;ACRAIRHIP;4703595.87
env;458;GGNSNNESE;4714438.77
env;248;THGIRPVVS;4857692.28
env;722;PTPRGPDRP;4868890.42
env;329;AHCNISRAK;4868890.42
env;642;IHSLIEESQ;4993786.83
env;356;NKTIIFKQS;5028402.11
env;466;EIFRPGGGD;5039993.77
env;272;IRSVNFTDN;5098354.15
env;206;PKVSFEPIP;5145528.64
env;787;RRGWEALKY;5157390.31
env;494;LGVAPTKAK;5157390.31
env;403;EGSNNTEGS;5253273.36
env;331;CNISRAKWN;5350939.00
env;630;EWDREINNY;5412899.95
env;841;RHIPRRIRQ;5437884.76
env;298;RPNNNTRKR;5773378.09
env;721;LPTPRGPDR;5853693.78
env;330;HCNISRAKW;6003852.30
env;162;STSIRGKVQ;6017692.61
env;230;NKTFNGTGP;6115472.25
env;368;DPEIVTHSF;6172058.02
env;457;DGGNSNNES;6359602.92
env;279;DNAKTIIVQ;6522738.98
env;320;IGKIGNMRQ;6583093.14
env;304;RKRIRIQRG;6973165.94
env;705;VNRVRQGYS;7070172.34
env;172;EYAFFYKLD;7152041.08
env;733;IEEEGGERD;7185053.40
env;615;SNKSLEQIW;7558402.23
env;360;IFKQSSGGD;7593290.23
env;165;IRGKVQKEY;7932863.84
env;609;PWNASWSNK;7969480.27
env;150;EKGEIKNCS;8136357.08
env;302;NTRKRIRIQ;8364307.68
env;313;PGRAFVTIG;8880348.30
env;456;RDGGNSNNE;9277479.43
env;299;PNNNTRKRI;10505821.07
env;297;TRPNNNTRK;10775315.62
env;657;EQELLELDK;10825052.22
env;145;GRMIMEKGE;10925215.19
env;728;DRPEGIEEE;11205468.01
env;556;LRAIEAQQH;11440104.72
env;436;APPISGQIR;11787725.12
env;742;RDRSIRLVN;12258293.06
env;464;ESEIFRPGG;12689076.04
env;499;TKAKRRVVQ;13195626.06
env;369;PEIVTHSFN;13287093.77
env;823;AEGTDRVIE;13502991.68
env;654;EKNEQELLE;14468716.26
env;743;DRSIRLVNG;14535500.82
env;229;NNKTFNGTG;14669996.15
env;501;AKRRVVQRE;15115760.42
env;632;DREINNYTS;15828144.27
env;827;DRVIEVVQG;16574101.72
env;508;REKRAVGIG;16766020.78
env;646;IEESQNQQE;18048038.14
env;502;KRRVVQREK;19161521.91
env;373;THSFNCGGE;19562754.28
env;648;ESQNQQEKN;23573822.00
env;724;PRGPDRPEG;23573822.00
env;238;PCTNVSTVQ;23573822.00
env;737;GGERDRDRS;23846794.00
env;349;LREQFGNNK;23901766.53
env;647;EESQNQQEK;25670244.19
env;826;TDRVIEVVQ;26147489.66
env;731;EGIEEEGGE;28538424.92
env;91;ENFNMWKND;29136004.80
env;503;RRVVQREKR;31581299.77
env;583;VERYLKDQQ;31873517.94
env;552;QNNLLRAIE;32917739.19
env;650;QNQQEKNEQ;36849364.29
env;300;NNNTRKRIR;51101070.72
env;303;TRKRIRIQR;53880299.36
env;268;EEVVIRSVN;58671879.41
env;730;PEGIEEEGG;64480738.08
env;470;PGGGDMRDN;69411271.49
env;726;GPDRPEGIE;71355918.37
env;736;EGGERDRDR;91712809.99
env;840;IRHIPRRIR;94065420.23
env;723;TPRGPDRPE;95814226.96
env;417;PCRIKQIIN;101960040.66
env;739;ERDRDRSIR;124574743.03
env;727;PDRPEGIEE;135029916.78
env;735;EEGGERDRD;202036576.13
env;734;EEEGGERDR;278246685.70
env;844;PRRIRQGLE;1176061410.70
nef;109;ILDLWIYHT;58.13
nef;83;AAVDLSHFL;513.37
nef;66;VGFPVTPQV;1050.58
nef;106;RQDILDLWI;1575.54
nef;50;ATNAACAWL;1688.22
nef;77;RPMTYKAAV;1829.91
nef;79;MTYKAAVDL;2251.28
nef;8;SSVIGWPTV;2782.47
nef;42;AITSSNTAA;3216.84
nef;19;RMRRAEPAA;3912.28
nef;75;PLRPMTYKA;5363.27
nef;68;FPVTPQVPL;6492.77
nef;52;NAACAWLEA;6507.74
nef;113;WIYHTQGYF;10079.29
nef;9;SVIGWPTVR;11102.74
nef;41;GAITSSNTA;11153.98
nef;43;ITSSNTAAT;12428.82
nef;96;GLEGLIHSQ;12630.78
nef;111;DLWIYHTQG;12659.89
nef;7;KSSVIGWPT;13074.65
nef;3;GKWSKSSVI;15755.42
nef;48;TAATNAACA;16460.01
nef;22;RAEPAADRV;18985.85
nef;58;LEAQEEEEV;19698.36
nef;29;RVGAASRDL;19926.45
nef;108;DILDLWIYH;23250.38
nef;62;EEEEVGFPV;26695.00
nef;95;GGLEGLIHS;26695.00
nef;82;KAAVDLSHF;36511.53
nef;45;SSNTAATNA;37448.12
nef;84;AVDLSHFLK;37969.07
nef;15;TVRERMRRA;44099.13
nef;35;RDLEKHGAI;49823.01
nef;90;FLKEKGGLE;53509.39
nef;92;KEKGGLEGL;56549.66
nef;99;GLIHSQRRQ;57733.78
nef;47;NTAATNAAC;61014.07
nef;25;PAADRVGAA;64778.37
nef;86;DLSHFLKEK;78601.35
nef;60;AQEEEEVGF;86383.34
nef;89;HFLKEKGGL;88599.24
nef;46;SNTAATNAA;90662.98
nef;53;AACAWLEAQ;91501.88
nef;11;IGWPTVRER;119792.60
nef;57;WLEAQEEEE;122019.71
nef;2;GGKWSKSSV;129249.84
nef;70;VTPQVPLRP;130445.77
nef;36;DLEKHGAIT;147377.10
nef;115;YHTQGYFPD;149771.78
nef;112;LWIYHTQGY;154678.52
nef;49;AATNAACAW;160853.31
nef;72;PQVPLRPMT;168822.37
nef;26;AADRVGAAS;171565.52
nef;81;YKAAVDLSH;179651.15
nef;114;IYHTQGYFP;179651.15
nef;56;AWLEAQEEE;189858.48
nef;105;RRQDILDLW;191615.22
nef;10;VIGWPTVRE;195627.54
nef;102;HSQRRQDIL;200645.77
nef;110;LDLWIYHTQ;214008.00
nef;12;GWPTVRERM;235738.22
nef;5;WSKSSVIGW;236826.34
nef;4;KWSKSSVIG;238467.94
nef;34;SRDLEKHGA;275061.62
nef;69;PVTPQVPLR;294733.84
nef;31;GAASRDLEK;314361.97
nef;107;QDILDLWIY;318735.18
nef;51;TNAACAWLE;329177.39
nef;6;SKSSVIGWP;335297.26
nef;73;QVPLRPMTY;345485.64
nef;78;PMTYKAAVD;374481.18
nef;1;MGGKWSKSS;408723.87
nef;18;ERMRRAEPA;437955.52
nef;55;CAWLEAQEE;484651.99
nef;40;HGAITSSNT;484651.99
nef;71;TPQVPLRPM;518119.57
nef;76;LRPMTYKAA;568106.82
nef;74;VPLRPMTYK;624352.71
nef;104;QRRQDILDL;633038.32
nef;24;EPAADRVGA;647783.68
nef;85;VDLSHFLKE;725153.59
nef;103;SQRRQDILD;773446.00
nef;32;AASRDLEKH;863833.42
nef;44;TSSNTAATN;923485.33
nef;93;EKGGLEGLI;971471.36
nef;65;EVGFPVTPQ;1075053.31
nef;80;TYKAAVDLS;1107720.01
nef;39;KHGAITSSN;1165279.21
nef;101;IHSQRRQDI;1242882.29
nef;37;LEKHGAITS;1298464.26
nef;67;GFPVTPQVP;1350299.17
nef;54;ACAWLEAQE;1359658.99
nef;100;LIHSQRRQD;1375403.10
nef;87;LSHFLKEKG;1965305.19
nef;64;EEVGFPVTP;2309032.26
nef;33;ASRDLEKHG;2406744.57
nef;91;LKEKGGLEG;2497065.88
nef;38;EKHGAITSS;2614748.97
nef;61;QEEEEVGFP;2834196.78
nef;21;RRAEPAADR;3050914.24
nef;63;EEEVGFPVT;3446910.44
nef;97;LEGLIHSQR;3634377.21
nef;59;EAQEEEEVG;4163226.12
nef;27;ADRVGAASR;4502254.08
nef;30;VGAASRDLE;4639060.11
nef;23;AEPAADRVG;5241191.16
nef;20;MRRAEPAAD;5265383.40
nef;88;SHFLKEKGG;5628983.82
nef;98;EGLIHSQRR;8539451.97
nef;17;RERMRRAEP;9320302.33
nef;94;KGGLEGLIH;10361675.80
nef;14;PTVRERMRR;10900087.90
nef;13;WPTVRERMR;16688987.91
nef;28;DRVGAASRD;53386321.81
nef;16;VRERMRRAE;242901389.97